[
{
  "model": "hotels.hotel",
  "pk": 16,
  "fields": {
    "name": "Отель на пер. Торговый",
    "phone_number": "+78112407977",
    "email": "tarasovavarvara@oao.org",
    "country": "Россия",
    "city": "Амурскград",
    "address": "пер. Торговый, д. 8/1,  стр. 2/3, Амурскград, Чукотский АО",
    "floor_count": 7,
    "check_in_time": "14:00:00",
    "check_out_time": "13:00:00",
    "is_active": true
  }
},
{
  "model": "hotels.hotel",
  "pk": 17,
  "fields": {
    "name": "Отель на пр. Космонавтов",
    "phone_number": "+79775085069",
    "email": "feoktist92@ooo.com",
    "country": "Россия",
    "city": "Ряжскполь",
    "address": "пр. Космонавтов, д. 91, Ряжскполь, Ставропольский край",
    "floor_count": 4,
    "check_in_time": "14:00:00",
    "check_out_time": "12:00:00",
    "is_active": true
  }
},
{
  "model": "hotels.hotel",
  "pk": 18,
  "fields": {
    "name": "Отель на алл. Бульварная",
    "phone_number": "+79964320864",
    "email": "edavidov@mosgortrans.biz",
    "country": "Россия",
    "city": "Гатчинаград",
    "address": "алл. Бульварная, д. 2/7, Гатчинаград, Камчатский край",
    "floor_count": 3,
    "check_in_time": "13:00:00",
    "check_out_time": "12:00:00",
    "is_active": false
  }
},
{
  "model": "hotels.hotel",
  "pk": 19,
  "fields": {
    "name": "Отель на пр. Гагарина",
    "phone_number": "+77767248664",
    "email": "fefremov@luidor.ru",
    "country": "Россия",
    "city": "Шуявль",
    "address": "пр. Гагарина, д. 3, Шуявль, Ямало-Ненецкий АО",
    "floor_count": 2,
    "check_in_time": "14:00:00",
    "check_out_time": "11:00:00",
    "is_active": true
  }
},
{
  "model": "hotels.hotel",
  "pk": 20,
  "fields": {
    "name": "Отель на наб. Николаева",
    "phone_number": "+73456837931",
    "email": "gostomisl_31@antonova.org",
    "country": "Россия",
    "city": "Горно-Алтайсков",
    "address": "наб. Николаева, д. 140, Горно-Алтайсков, Новосибирская обл.",
    "floor_count": 9,
    "check_in_time": "14:00:00",
    "check_out_time": "12:00:00",
    "is_active": true
  }
},
{
  "model": "hotels.roomcategory",
  "pk": 1,
  "fields": {
    "tier": "SU",
    "min_area": 75,
    "requires_kitchen": false,
    "required_bathroom_type": "F",
    "min_rooms": 3
  }
},
{
  "model": "hotels.roomcategory",
  "pk": 2,
  "fields": {
    "tier": "A",
    "min_area": 40,
    "requires_kitchen": true,
    "required_bathroom_type": "F",
    "min_rooms": 2
  }
},
{
  "model": "hotels.roomcategory",
  "pk": 3,
  "fields": {
    "tier": "L",
    "min_area": 35,
    "requires_kitchen": false,
    "required_bathroom_type": "F",
    "min_rooms": 2
  }
},
{
  "model": "hotels.roomcategory",
  "pk": 4,
  "fields": {
    "tier": "JSU",
    "min_area": 25,
    "requires_kitchen": false,
    "required_bathroom_type": "F",
    "min_rooms": 1
  }
},
{
  "model": "hotels.roomcategory",
  "pk": 5,
  "fields": {
    "tier": "ST",
    "min_area": 25,
    "requires_kitchen": true,
    "required_bathroom_type": "F",
    "min_rooms": 1
  }
},
{
  "model": "hotels.roomcategory",
  "pk": 6,
  "fields": {
    "tier": "1",
    "min_area": 9,
    "requires_kitchen": false,
    "required_bathroom_type": "F",
    "min_rooms": 1
  }
},
{
  "model": "hotels.roomcategory",
  "pk": 7,
  "fields": {
    "tier": "2",
    "min_area": 9,
    "requires_kitchen": false,
    "required_bathroom_type": "F",
    "min_rooms": 1
  }
},
{
  "model": "hotels.roomcategory",
  "pk": 8,
  "fields": {
    "tier": "3",
    "min_area": 9,
    "requires_kitchen": false,
    "required_bathroom_type": "P",
    "min_rooms": 1
  }
},
{
  "model": "hotels.roomcategory",
  "pk": 9,
  "fields": {
    "tier": "4",
    "min_area": 9,
    "requires_kitchen": false,
    "required_bathroom_type": "P",
    "min_rooms": 1
  }
},
{
  "model": "hotels.roomcategory",
  "pk": 10,
  "fields": {
    "tier": "5",
    "min_area": 9,
    "requires_kitchen": false,
    "required_bathroom_type": "S",
    "min_rooms": 1
  }
},
{
  "model": "hotels.roomtype",
  "pk": 41,
  "fields": {
    "name": "Просторные апартаменты с балконом",
    "category": 2,
    "description": "Трёхкомнатные апартаменты общей площадью 170 м². Идеальны для большой семьи или компании до 6 человек. Три отдельные спальни, просторная гостиная с обеденной зоной и полностью оборудованная кухня. Три ванные комнаты с душевыми кабинами. Большой балкон. В номере: кондиционер, телевизор, Wi-Fi, стиральная машина.",
    "size": 170,
    "standard_capacity": 6,
    "bedroom_count": 3,
    "living_room_count": 1,
    "bathroom_count": 3,
    "bathroom_type": "F",
    "has_kitchen": true,
    "has_balcony": true
  }
},
{
  "model": "hotels.roomtype",
  "pk": 42,
  "fields": {
    "name": "Стандарт (первая категория)",
    "category": 6,
    "description": "Уютный номер первой категории площадью 106 м² с одной спальней. Рассчитан на размещение до 3 гостей. В номере: две односпальные или одна двуспальная кровать, санузел с ванной, телевизор, холодильник. Без кухни и балкона. Подходит для коротких деловых поездок или ночлега.",
    "size": 106,
    "standard_capacity": 3,
    "bedroom_count": 1,
    "living_room_count": 0,
    "bathroom_count": 1,
    "bathroom_type": "F",
    "has_kitchen": false,
    "has_balcony": false
  }
},
{
  "model": "hotels.roomtype",
  "pk": 43,
  "fields": {
    "name": "Апартаменты с нестандартной планировкой",
    "category": 2,
    "description": "Необычные апартаменты с планировкой: 5 спален и 5 гостиных! Общая площадь 97 м² — пространство разделено на множество уютных зон. Подойдут для шумной компании или творческого коллектива до 3 гостей. Две ванные комнаты. Полностью оборудованная кухня. Без балкона, но из окон открывается вид на тихий двор.",
    "size": 97,
    "standard_capacity": 3,
    "bedroom_count": 5,
    "living_room_count": 5,
    "bathroom_count": 2,
    "bathroom_type": "F",
    "has_kitchen": true,
    "has_balcony": false
  }
},
{
  "model": "hotels.roomtype",
  "pk": 44,
  "fields": {
    "name": "Люкс с панорамными окнами",
    "category": 3,
    "description": "Элегантный люкс площадью 106 м² с пятью спальнями и пятью гостиными — уникальное предложение для размещения до 4 гостей. Просторная ванная комната с джакузи. Огромные панорамные окна. Кухни нет, но есть зона для завтраков и мини-бар. Без балкона. Идеально для романтического отдыха или небольших торжеств.",
    "size": 106,
    "standard_capacity": 4,
    "bedroom_count": 5,
    "living_room_count": 5,
    "bathroom_count": 1,
    "bathroom_type": "F",
    "has_kitchen": false,
    "has_balcony": false
  }
},
{
  "model": "hotels.roomtype",
  "pk": 45,
  "fields": {
    "name": "Эконом (третья категория) частичный санузел",
    "category": 8,
    "description": "Экономичный номер третьей категории площадью 73 м² с тремя спальнями и тремя гостиными. Рассчитан на 4 гостей. Две ванные комнаты с частичным сантехническим оснащением (душ, раковина, туалет). Без кухни и балкона. Расположение в тихом районе. Подходит для неприхотливых путешественников.",
    "size": 73,
    "standard_capacity": 4,
    "bedroom_count": 3,
    "living_room_count": 3,
    "bathroom_count": 2,
    "bathroom_type": "P",
    "has_kitchen": false,
    "has_balcony": false
  }
},
{
  "model": "hotels.roomtype",
  "pk": 46,
  "fields": {
    "name": "Люкс для двоих",
    "category": 3,
    "description": "Роскошный люкс для двоих площадью 144 м². Одна просторная спальня, гостиная объединена со спальной зоной. Ванная комната с гидромассажной ванной. Огромные окна. Без кухни и балкона, но есть капсульная кофемашина и мини-холодильник. Отличный вариант для медового месяца.",
    "size": 144,
    "standard_capacity": 2,
    "bedroom_count": 1,
    "living_room_count": 0,
    "bathroom_count": 1,
    "bathroom_type": "F",
    "has_kitchen": false,
    "has_balcony": false
  }
},
{
  "model": "hotels.roomtype",
  "pk": 47,
  "fields": {
    "name": "Джуниор сюит с балконом",
    "category": 4,
    "description": "Уютный джуниор сюит площадью 177 м². Одна комната, совмещающая спальню и гостиную. Рассчитан на размещение до 8 гостей (дополнительные места — раскладные диваны). Есть балкон. Ванная комната с душем. Без кухни. Идеально для большой компании, ценящей простор и свежий воздух.",
    "size": 177,
    "standard_capacity": 8,
    "bedroom_count": 1,
    "living_room_count": 0,
    "bathroom_count": 1,
    "bathroom_type": "F",
    "has_kitchen": false,
    "has_balcony": true
  }
},
{
  "model": "hotels.roomtype",
  "pk": 48,
  "fields": {
    "name": "Вторая категория (мини-капсулы)",
    "category": 7,
    "description": "Компактный номер второй категории площадью всего 9 м² с пятью спальнями! Очень необычная планировка — крошечные капсульные комнаты для максимальной экономии пространства. Подходит для группы студентов или рюкзачников до 3 человек. Две ванные комнаты (полный санузел). Без кухни и балкона. Расположен на верхнем этаже.",
    "size": 9,
    "standard_capacity": 3,
    "bedroom_count": 5,
    "living_room_count": 0,
    "bathroom_count": 2,
    "bathroom_type": "F",
    "has_kitchen": false,
    "has_balcony": false
  }
},
{
  "model": "hotels.roomtype",
  "pk": 49,
  "fields": {
    "name": "Студия с кухней",
    "category": 5,
    "description": "Светлая студия площадью 63 м² с четырьмя спальными местами (раскладной диван и две отдельные кровати). Четыре отдельные спальни? На самом деле это открытое пространство, зонированное перегородками. Маленькая кухня-ниша с плитой и холодильником. Две ванные комнаты. Без балкона. Вид во двор. Отличный выбор для длительного проживания.",
    "size": 63,
    "standard_capacity": 4,
    "bedroom_count": 4,
    "living_room_count": 0,
    "bathroom_count": 2,
    "bathroom_type": "F",
    "has_kitchen": true,
    "has_balcony": false
  }
},
{
  "model": "hotels.roomtype",
  "pk": 50,
  "fields": {
    "name": "Сюит премиум-класса с балконом",
    "category": 1,
    "description": "Эксклюзивный сюит премиум-класса площадью 119 м². Одна большая спальня, гостиная с панорамными окнами. Балкон. Ванная комната с джакузи и тропическим душем. Без кухни, но есть мини-бар и зона для чая. Рассчитан на 2 гостей. Идеально для деловых людей и пар.",
    "size": 119,
    "standard_capacity": 2,
    "bedroom_count": 1,
    "living_room_count": 0,
    "bathroom_count": 1,
    "bathroom_type": "F",
    "has_kitchen": false,
    "has_balcony": true
  }
},
{
  "model": "hotels.roomtype",
  "pk": 51,
  "fields": {
    "name": "Четвёртая категория (частичный санузел)",
    "category": 9,
    "description": "Бюджетный номер четвёртой категории площадью 152 м² (необычно большой для эконома). Одна спальня и одна гостиная. Рассчитан на 4 гостей (дополнительные кровати). Ванная комната с частичными удобствами (душ, туалет, раковина). Без кухни и балкона. Подходит для тех, кто ценит простор, но не требует полного сервиса.",
    "size": 152,
    "standard_capacity": 4,
    "bedroom_count": 1,
    "living_room_count": 1,
    "bathroom_count": 1,
    "bathroom_type": "P",
    "has_kitchen": false,
    "has_balcony": false
  }
},
{
  "model": "hotels.roomtype",
  "pk": 52,
  "fields": {
    "name": "Сюит для одного гостя",
    "category": 1,
    "description": "Роскошный сюит для одного гостя площадью 75 м². Четыре спальни? Для одного человека — невероятный простор. Гостиная, кабинет, большая спальня и гостевая спальня. Одна ванная комната с полным набором. Балкон с видом на город. Без кухни. Отлично подходит для требовательного solo-путешественника.",
    "size": 75,
    "standard_capacity": 1,
    "bedroom_count": 4,
    "living_room_count": 0,
    "bathroom_count": 1,
    "bathroom_type": "F",
    "has_kitchen": false,
    "has_balcony": true
  }
},
{
  "model": "hotels.roomtype",
  "pk": 53,
  "fields": {
    "name": "Стандарт (первая категория) с балконом",
    "category": 6,
    "description": "Просторный стандартный номер первой категории площадью 112 м². Три спальни, гостиная зона. Рассчитан на 8 гостей (семья или компания). Балкон. Одна ванная комната. Без кухни. В номере: три двуспальные кровати, два дивана, телевизор, холодильник. Хороший вариант для группового туризма.",
    "size": 112,
    "standard_capacity": 8,
    "bedroom_count": 3,
    "living_room_count": 1,
    "bathroom_count": 1,
    "bathroom_type": "F",
    "has_kitchen": false,
    "has_balcony": true
  }
},
{
  "model": "hotels.roomtype",
  "pk": 54,
  "fields": {
    "name": "Просторная студия на одного",
    "category": 5,
    "description": "Небольшая студия на 1 гостя площадью 193 м² — очень просторно! Фактически это две спальни и две гостиные в открытой планировке. Полностью оборудованная кухня. Одна ванная комната. Без балкона. Идеально для длительного проживания одного человека или пары, любящей готовить.",
    "size": 193,
    "standard_capacity": 1,
    "bedroom_count": 2,
    "living_room_count": 2,
    "bathroom_count": 1,
    "bathroom_type": "F",
    "has_kitchen": true,
    "has_balcony": false
  }
},
{
  "model": "hotels.roomtype",
  "pk": 55,
  "fields": {
    "name": "Третья категория (частичный санузел)",
    "category": 8,
    "description": "Номер третьей категории площадью 130 м² с четырьмя спальнями и двумя гостиными. Рассчитан на 3 гостей (несоответствие площадей — из-за большого количества комнат). Одна ванная комната с частичными удобствами. Без кухни и балкона. Расположен на верхних этажах. Подходит для бюджетных путешественников, ценящих тишину.",
    "size": 130,
    "standard_capacity": 3,
    "bedroom_count": 4,
    "living_room_count": 2,
    "bathroom_count": 1,
    "bathroom_type": "P",
    "has_kitchen": false,
    "has_balcony": false
  }
},
{
  "model": "hotels.roomtype",
  "pk": 56,
  "fields": {
    "name": "Третья категория (компактный)",
    "category": 8,
    "description": "Компактный номер третьей категории площадью 22 м² с тремя спальнями и гостиной — очень плотная планировка. Рассчитан на 6 гостей. Три ванные комнаты с частичными удобствами (только душевые кабины). Без кухни и балкона. Вариант для неприхотливых групп, которым нужно только переночевать.",
    "size": 22,
    "standard_capacity": 6,
    "bedroom_count": 3,
    "living_room_count": 1,
    "bathroom_count": 3,
    "bathroom_type": "P",
    "has_kitchen": false,
    "has_balcony": false
  }
},
{
  "model": "hotels.roomtype",
  "pk": 57,
  "fields": {
    "name": "Студия с кухней (большая компания)",
    "category": 5,
    "description": "Просторная студия площадью 95 м² с четырьмя спальнями и тремя гостиными — по сути, полноценная квартира. Рассчитана на 7 гостей. Полностью оборудованная кухня. Одна ванная комната. Без балкона. Центральное расположение. Подходит для больших компаний, желающих быть в центре событий.",
    "size": 95,
    "standard_capacity": 7,
    "bedroom_count": 4,
    "living_room_count": 3,
    "bathroom_count": 1,
    "bathroom_type": "F",
    "has_kitchen": true,
    "has_balcony": false
  }
},
{
  "model": "hotels.roomtype",
  "pk": 58,
  "fields": {
    "name": "Апартаменты с кухней",
    "category": 2,
    "description": "Комфортабельные апартаменты площадью 156 м² с двумя спальнями и гостиной. Рассчитаны на 8 гостей (дополнительные спальные места — раскладные диваны). Полностью оборудованная кухня, две ванные комнаты. Без балкона. Окна выходят на оживлённую улицу с магазинами и кафе. Отличный выбор для семейного отдыха.",
    "size": 156,
    "standard_capacity": 8,
    "bedroom_count": 2,
    "living_room_count": 1,
    "bathroom_count": 2,
    "bathroom_type": "F",
    "has_kitchen": true,
    "has_balcony": false
  }
},
{
  "model": "hotels.roomtype",
  "pk": 59,
  "fields": {
    "name": "Стандарт (первая категория) с тремя спальнями",
    "category": 6,
    "description": "Стандартный номер первой категории площадью 156 м² с тремя спальнями и тремя ванными комнатами. Рассчитан на 5 гостей. Без гостиной — только спальни и коридор. Без кухни и балкона. Расположен в тихом квартале. В номере: кондиционер, телевизор, Wi-Fi. Подходит для группы друзей или семьи, которым важны отдельные спальни.",
    "size": 156,
    "standard_capacity": 5,
    "bedroom_count": 3,
    "living_room_count": 0,
    "bathroom_count": 3,
    "bathroom_type": "F",
    "has_kitchen": false,
    "has_balcony": false
  }
},
{
  "model": "hotels.roomtype",
  "pk": 60,
  "fields": {
    "name": "Апартаменты с четырьмя санузлами",
    "category": 2,
    "description": "Просторные апартаменты площадью 69 м² с четырьмя спальнями и четырьмя гостиными — уникальная планировка. Рассчитаны на 7 гостей. Полностью оборудованная кухня, четыре ванные комнаты. Без балкона. Идеально для большой компании, желающей жить все вместе, но с максимальным комфортом.",
    "size": 69,
    "standard_capacity": 7,
    "bedroom_count": 4,
    "living_room_count": 4,
    "bathroom_count": 4,
    "bathroom_type": "F",
    "has_kitchen": true,
    "has_balcony": false
  }
},
{
  "model": "hotels.room",
  "pk": 301,
  "fields": {
    "hotel": 16,
    "room_type": 55,
    "bed_count": 4,
    "is_pets_allowed": true,
    "is_smoking_allowed": false,
    "price_per_night": "19114.17",
    "extra_pay_per_person": "9464.07",
    "floor": 1,
    "number_on_floor": 1,
    "variant": null
  }
},
{
  "model": "hotels.room",
  "pk": 302,
  "fields": {
    "hotel": 16,
    "room_type": 51,
    "bed_count": 7,
    "is_pets_allowed": true,
    "is_smoking_allowed": true,
    "price_per_night": "12020.72",
    "extra_pay_per_person": "5934.51",
    "floor": 1,
    "number_on_floor": 2,
    "variant": "A"
  }
},
{
  "model": "hotels.room",
  "pk": 303,
  "fields": {
    "hotel": 16,
    "room_type": 51,
    "bed_count": 1,
    "is_pets_allowed": false,
    "is_smoking_allowed": false,
    "price_per_night": "8799.85",
    "extra_pay_per_person": "2683.19",
    "floor": 1,
    "number_on_floor": 2,
    "variant": "B"
  }
},
{
  "model": "hotels.room",
  "pk": 304,
  "fields": {
    "hotel": 16,
    "room_type": 51,
    "bed_count": 8,
    "is_pets_allowed": false,
    "is_smoking_allowed": false,
    "price_per_night": "10255.18",
    "extra_pay_per_person": "3142.75",
    "floor": 1,
    "number_on_floor": 2,
    "variant": "C"
  }
},
{
  "model": "hotels.room",
  "pk": 305,
  "fields": {
    "hotel": 16,
    "room_type": 51,
    "bed_count": 6,
    "is_pets_allowed": false,
    "is_smoking_allowed": true,
    "price_per_night": "18625.97",
    "extra_pay_per_person": "8020.43",
    "floor": 1,
    "number_on_floor": 3,
    "variant": null
  }
},
{
  "model": "hotels.room",
  "pk": 306,
  "fields": {
    "hotel": 16,
    "room_type": 56,
    "bed_count": 6,
    "is_pets_allowed": false,
    "is_smoking_allowed": false,
    "price_per_night": "9134.33",
    "extra_pay_per_person": "4125.53",
    "floor": 2,
    "number_on_floor": 1,
    "variant": null
  }
},
{
  "model": "hotels.room",
  "pk": 307,
  "fields": {
    "hotel": 16,
    "room_type": 57,
    "bed_count": 9,
    "is_pets_allowed": true,
    "is_smoking_allowed": false,
    "price_per_night": "11318.24",
    "extra_pay_per_person": "4515.27",
    "floor": 2,
    "number_on_floor": 2,
    "variant": null
  }
},
{
  "model": "hotels.room",
  "pk": 308,
  "fields": {
    "hotel": 16,
    "room_type": 53,
    "bed_count": 1,
    "is_pets_allowed": true,
    "is_smoking_allowed": false,
    "price_per_night": "13560.29",
    "extra_pay_per_person": "6154.64",
    "floor": 2,
    "number_on_floor": 3,
    "variant": null
  }
},
{
  "model": "hotels.room",
  "pk": 309,
  "fields": {
    "hotel": 16,
    "room_type": 55,
    "bed_count": 4,
    "is_pets_allowed": false,
    "is_smoking_allowed": false,
    "price_per_night": "3254.85",
    "extra_pay_per_person": "1453.53",
    "floor": 2,
    "number_on_floor": 4,
    "variant": null
  }
},
{
  "model": "hotels.room",
  "pk": 310,
  "fields": {
    "hotel": 16,
    "room_type": 48,
    "bed_count": 2,
    "is_pets_allowed": true,
    "is_smoking_allowed": false,
    "price_per_night": "12171.01",
    "extra_pay_per_person": "3225.67",
    "floor": 2,
    "number_on_floor": 5,
    "variant": "A"
  }
},
{
  "model": "hotels.room",
  "pk": 311,
  "fields": {
    "hotel": 16,
    "room_type": 45,
    "bed_count": 10,
    "is_pets_allowed": true,
    "is_smoking_allowed": false,
    "price_per_night": "11591.35",
    "extra_pay_per_person": "5760.07",
    "floor": 3,
    "number_on_floor": 1,
    "variant": "A"
  }
},
{
  "model": "hotels.room",
  "pk": 312,
  "fields": {
    "hotel": 16,
    "room_type": 45,
    "bed_count": 1,
    "is_pets_allowed": false,
    "is_smoking_allowed": false,
    "price_per_night": "3437.91",
    "extra_pay_per_person": "1436.17",
    "floor": 3,
    "number_on_floor": 2,
    "variant": null
  }
},
{
  "model": "hotels.room",
  "pk": 313,
  "fields": {
    "hotel": 16,
    "room_type": 48,
    "bed_count": 6,
    "is_pets_allowed": false,
    "is_smoking_allowed": false,
    "price_per_night": "19694.57",
    "extra_pay_per_person": "7631.06",
    "floor": 3,
    "number_on_floor": 3,
    "variant": null
  }
},
{
  "model": "hotels.room",
  "pk": 314,
  "fields": {
    "hotel": 16,
    "room_type": 57,
    "bed_count": 3,
    "is_pets_allowed": true,
    "is_smoking_allowed": false,
    "price_per_night": "6790.50",
    "extra_pay_per_person": "2802.10",
    "floor": 3,
    "number_on_floor": 4,
    "variant": "A"
  }
},
{
  "model": "hotels.room",
  "pk": 315,
  "fields": {
    "hotel": 16,
    "room_type": 42,
    "bed_count": 10,
    "is_pets_allowed": true,
    "is_smoking_allowed": false,
    "price_per_night": "13180.87",
    "extra_pay_per_person": "4861.29",
    "floor": 4,
    "number_on_floor": 1,
    "variant": null
  }
},
{
  "model": "hotels.room",
  "pk": 316,
  "fields": {
    "hotel": 16,
    "room_type": 51,
    "bed_count": 10,
    "is_pets_allowed": false,
    "is_smoking_allowed": false,
    "price_per_night": "13590.59",
    "extra_pay_per_person": "6269.25",
    "floor": 4,
    "number_on_floor": 2,
    "variant": null
  }
},
{
  "model": "hotels.room",
  "pk": 317,
  "fields": {
    "hotel": 16,
    "room_type": 43,
    "bed_count": 6,
    "is_pets_allowed": false,
    "is_smoking_allowed": false,
    "price_per_night": "11082.63",
    "extra_pay_per_person": "3461.84",
    "floor": 4,
    "number_on_floor": 3,
    "variant": null
  }
},
{
  "model": "hotels.room",
  "pk": 318,
  "fields": {
    "hotel": 16,
    "room_type": 50,
    "bed_count": 7,
    "is_pets_allowed": false,
    "is_smoking_allowed": false,
    "price_per_night": "1657.14",
    "extra_pay_per_person": "784.26",
    "floor": 4,
    "number_on_floor": 4,
    "variant": null
  }
},
{
  "model": "hotels.room",
  "pk": 319,
  "fields": {
    "hotel": 16,
    "room_type": 49,
    "bed_count": 3,
    "is_pets_allowed": true,
    "is_smoking_allowed": true,
    "price_per_night": "17507.44",
    "extra_pay_per_person": "7218.29",
    "floor": 5,
    "number_on_floor": 1,
    "variant": "A"
  }
},
{
  "model": "hotels.room",
  "pk": 320,
  "fields": {
    "hotel": 16,
    "room_type": 49,
    "bed_count": 3,
    "is_pets_allowed": false,
    "is_smoking_allowed": false,
    "price_per_night": "2358.13",
    "extra_pay_per_person": "1000.74",
    "floor": 5,
    "number_on_floor": 2,
    "variant": null
  }
},
{
  "model": "hotels.room",
  "pk": 321,
  "fields": {
    "hotel": 16,
    "room_type": 47,
    "bed_count": 7,
    "is_pets_allowed": false,
    "is_smoking_allowed": false,
    "price_per_night": "1374.27",
    "extra_pay_per_person": "560.65",
    "floor": 5,
    "number_on_floor": 3,
    "variant": null
  }
},
{
  "model": "hotels.room",
  "pk": 322,
  "fields": {
    "hotel": 16,
    "room_type": 59,
    "bed_count": 9,
    "is_pets_allowed": false,
    "is_smoking_allowed": false,
    "price_per_night": "14013.30",
    "extra_pay_per_person": "6731.01",
    "floor": 5,
    "number_on_floor": 4,
    "variant": "A"
  }
},
{
  "model": "hotels.room",
  "pk": 323,
  "fields": {
    "hotel": 16,
    "room_type": 58,
    "bed_count": 5,
    "is_pets_allowed": false,
    "is_smoking_allowed": false,
    "price_per_night": "951.22",
    "extra_pay_per_person": "326.73",
    "floor": 6,
    "number_on_floor": 1,
    "variant": "A"
  }
},
{
  "model": "hotels.room",
  "pk": 324,
  "fields": {
    "hotel": 16,
    "room_type": 58,
    "bed_count": 2,
    "is_pets_allowed": false,
    "is_smoking_allowed": false,
    "price_per_night": "6872.64",
    "extra_pay_per_person": "2988.49",
    "floor": 6,
    "number_on_floor": 2,
    "variant": null
  }
},
{
  "model": "hotels.room",
  "pk": 325,
  "fields": {
    "hotel": 16,
    "room_type": 51,
    "bed_count": 8,
    "is_pets_allowed": false,
    "is_smoking_allowed": true,
    "price_per_night": "13301.56",
    "extra_pay_per_person": "3722.86",
    "floor": 6,
    "number_on_floor": 3,
    "variant": null
  }
},
{
  "model": "hotels.room",
  "pk": 326,
  "fields": {
    "hotel": 16,
    "room_type": 51,
    "bed_count": 4,
    "is_pets_allowed": false,
    "is_smoking_allowed": true,
    "price_per_night": "12233.41",
    "extra_pay_per_person": "4061.30",
    "floor": 6,
    "number_on_floor": 4,
    "variant": null
  }
},
{
  "model": "hotels.room",
  "pk": 327,
  "fields": {
    "hotel": 16,
    "room_type": 60,
    "bed_count": 8,
    "is_pets_allowed": false,
    "is_smoking_allowed": false,
    "price_per_night": "10785.15",
    "extra_pay_per_person": "3038.01",
    "floor": 7,
    "number_on_floor": 1,
    "variant": null
  }
},
{
  "model": "hotels.room",
  "pk": 328,
  "fields": {
    "hotel": 16,
    "room_type": 56,
    "bed_count": 4,
    "is_pets_allowed": true,
    "is_smoking_allowed": false,
    "price_per_night": "13109.60",
    "extra_pay_per_person": "5671.73",
    "floor": 7,
    "number_on_floor": 2,
    "variant": null
  }
},
{
  "model": "hotels.room",
  "pk": 329,
  "fields": {
    "hotel": 16,
    "room_type": 52,
    "bed_count": 2,
    "is_pets_allowed": true,
    "is_smoking_allowed": false,
    "price_per_night": "15360.44",
    "extra_pay_per_person": "4646.40",
    "floor": 7,
    "number_on_floor": 3,
    "variant": null
  }
},
{
  "model": "hotels.room",
  "pk": 330,
  "fields": {
    "hotel": 16,
    "room_type": 46,
    "bed_count": 7,
    "is_pets_allowed": true,
    "is_smoking_allowed": false,
    "price_per_night": "19938.16",
    "extra_pay_per_person": "7199.54",
    "floor": 7,
    "number_on_floor": 4,
    "variant": null
  }
},
{
  "model": "hotels.room",
  "pk": 331,
  "fields": {
    "hotel": 17,
    "room_type": 56,
    "bed_count": 7,
    "is_pets_allowed": false,
    "is_smoking_allowed": false,
    "price_per_night": "13185.49",
    "extra_pay_per_person": "5924.37",
    "floor": 1,
    "number_on_floor": 1,
    "variant": "A"
  }
},
{
  "model": "hotels.room",
  "pk": 332,
  "fields": {
    "hotel": 17,
    "room_type": 56,
    "bed_count": 3,
    "is_pets_allowed": true,
    "is_smoking_allowed": false,
    "price_per_night": "4363.07",
    "extra_pay_per_person": "1516.27",
    "floor": 1,
    "number_on_floor": 2,
    "variant": null
  }
},
{
  "model": "hotels.room",
  "pk": 333,
  "fields": {
    "hotel": 17,
    "room_type": 49,
    "bed_count": 5,
    "is_pets_allowed": false,
    "is_smoking_allowed": false,
    "price_per_night": "19541.55",
    "extra_pay_per_person": "7093.51",
    "floor": 1,
    "number_on_floor": 3,
    "variant": null
  }
},
{
  "model": "hotels.room",
  "pk": 334,
  "fields": {
    "hotel": 17,
    "room_type": 50,
    "bed_count": 10,
    "is_pets_allowed": false,
    "is_smoking_allowed": false,
    "price_per_night": "19705.61",
    "extra_pay_per_person": "6020.37",
    "floor": 1,
    "number_on_floor": 4,
    "variant": "A"
  }
},
{
  "model": "hotels.room",
  "pk": 335,
  "fields": {
    "hotel": 17,
    "room_type": 50,
    "bed_count": 2,
    "is_pets_allowed": true,
    "is_smoking_allowed": false,
    "price_per_night": "18173.80",
    "extra_pay_per_person": "6769.11",
    "floor": 1,
    "number_on_floor": 4,
    "variant": "B"
  }
},
{
  "model": "hotels.room",
  "pk": 336,
  "fields": {
    "hotel": 17,
    "room_type": 50,
    "bed_count": 9,
    "is_pets_allowed": true,
    "is_smoking_allowed": false,
    "price_per_night": "10115.29",
    "extra_pay_per_person": "2870.09",
    "floor": 1,
    "number_on_floor": 5,
    "variant": null
  }
},
{
  "model": "hotels.room",
  "pk": 337,
  "fields": {
    "hotel": 17,
    "room_type": 49,
    "bed_count": 4,
    "is_pets_allowed": true,
    "is_smoking_allowed": false,
    "price_per_night": "4838.74",
    "extra_pay_per_person": "2263.15",
    "floor": 1,
    "number_on_floor": 6,
    "variant": "A"
  }
},
{
  "model": "hotels.room",
  "pk": 338,
  "fields": {
    "hotel": 17,
    "room_type": 49,
    "bed_count": 5,
    "is_pets_allowed": false,
    "is_smoking_allowed": true,
    "price_per_night": "9367.89",
    "extra_pay_per_person": "4075.84",
    "floor": 1,
    "number_on_floor": 7,
    "variant": null
  }
},
{
  "model": "hotels.room",
  "pk": 339,
  "fields": {
    "hotel": 17,
    "room_type": 51,
    "bed_count": 10,
    "is_pets_allowed": false,
    "is_smoking_allowed": false,
    "price_per_night": "11814.97",
    "extra_pay_per_person": "3978.81",
    "floor": 2,
    "number_on_floor": 1,
    "variant": null
  }
},
{
  "model": "hotels.room",
  "pk": 340,
  "fields": {
    "hotel": 17,
    "room_type": 56,
    "bed_count": 3,
    "is_pets_allowed": true,
    "is_smoking_allowed": false,
    "price_per_night": "16536.08",
    "extra_pay_per_person": "6022.47",
    "floor": 2,
    "number_on_floor": 2,
    "variant": "A"
  }
},
{
  "model": "hotels.room",
  "pk": 341,
  "fields": {
    "hotel": 17,
    "room_type": 56,
    "bed_count": 3,
    "is_pets_allowed": true,
    "is_smoking_allowed": false,
    "price_per_night": "5432.90",
    "extra_pay_per_person": "2503.52",
    "floor": 2,
    "number_on_floor": 3,
    "variant": null
  }
},
{
  "model": "hotels.room",
  "pk": 342,
  "fields": {
    "hotel": 17,
    "room_type": 56,
    "bed_count": 8,
    "is_pets_allowed": true,
    "is_smoking_allowed": true,
    "price_per_night": "1517.77",
    "extra_pay_per_person": "609.23",
    "floor": 2,
    "number_on_floor": 4,
    "variant": null
  }
},
{
  "model": "hotels.room",
  "pk": 343,
  "fields": {
    "hotel": 17,
    "room_type": 56,
    "bed_count": 9,
    "is_pets_allowed": false,
    "is_smoking_allowed": false,
    "price_per_night": "5549.76",
    "extra_pay_per_person": "1444.17",
    "floor": 2,
    "number_on_floor": 5,
    "variant": null
  }
},
{
  "model": "hotels.room",
  "pk": 344,
  "fields": {
    "hotel": 17,
    "room_type": 49,
    "bed_count": 1,
    "is_pets_allowed": true,
    "is_smoking_allowed": false,
    "price_per_night": "11817.21",
    "extra_pay_per_person": "5595.19",
    "floor": 2,
    "number_on_floor": 6,
    "variant": null
  }
},
{
  "model": "hotels.room",
  "pk": 345,
  "fields": {
    "hotel": 17,
    "room_type": 50,
    "bed_count": 4,
    "is_pets_allowed": false,
    "is_smoking_allowed": false,
    "price_per_night": "10031.88",
    "extra_pay_per_person": "2548.15",
    "floor": 2,
    "number_on_floor": 7,
    "variant": null
  }
},
{
  "model": "hotels.room",
  "pk": 346,
  "fields": {
    "hotel": 17,
    "room_type": 59,
    "bed_count": 5,
    "is_pets_allowed": false,
    "is_smoking_allowed": true,
    "price_per_night": "19400.47",
    "extra_pay_per_person": "7589.91",
    "floor": 2,
    "number_on_floor": 8,
    "variant": null
  }
},
{
  "model": "hotels.room",
  "pk": 347,
  "fields": {
    "hotel": 17,
    "room_type": 44,
    "bed_count": 8,
    "is_pets_allowed": false,
    "is_smoking_allowed": true,
    "price_per_night": "16472.21",
    "extra_pay_per_person": "7305.72",
    "floor": 3,
    "number_on_floor": 1,
    "variant": null
  }
},
{
  "model": "hotels.room",
  "pk": 348,
  "fields": {
    "hotel": 17,
    "room_type": 48,
    "bed_count": 6,
    "is_pets_allowed": false,
    "is_smoking_allowed": false,
    "price_per_night": "5755.23",
    "extra_pay_per_person": "2832.88",
    "floor": 3,
    "number_on_floor": 2,
    "variant": null
  }
},
{
  "model": "hotels.room",
  "pk": 349,
  "fields": {
    "hotel": 17,
    "room_type": 51,
    "bed_count": 9,
    "is_pets_allowed": false,
    "is_smoking_allowed": false,
    "price_per_night": "3633.94",
    "extra_pay_per_person": "1290.60",
    "floor": 3,
    "number_on_floor": 3,
    "variant": "A"
  }
},
{
  "model": "hotels.room",
  "pk": 350,
  "fields": {
    "hotel": 17,
    "room_type": 51,
    "bed_count": 2,
    "is_pets_allowed": false,
    "is_smoking_allowed": false,
    "price_per_night": "7355.59",
    "extra_pay_per_person": "2843.99",
    "floor": 3,
    "number_on_floor": 4,
    "variant": null
  }
},
{
  "model": "hotels.room",
  "pk": 351,
  "fields": {
    "hotel": 17,
    "room_type": 50,
    "bed_count": 2,
    "is_pets_allowed": false,
    "is_smoking_allowed": false,
    "price_per_night": "3051.37",
    "extra_pay_per_person": "928.53",
    "floor": 3,
    "number_on_floor": 5,
    "variant": null
  }
},
{
  "model": "hotels.room",
  "pk": 352,
  "fields": {
    "hotel": 17,
    "room_type": 56,
    "bed_count": 5,
    "is_pets_allowed": false,
    "is_smoking_allowed": true,
    "price_per_night": "16966.26",
    "extra_pay_per_person": "8227.46",
    "floor": 3,
    "number_on_floor": 6,
    "variant": "A"
  }
},
{
  "model": "hotels.room",
  "pk": 353,
  "fields": {
    "hotel": 17,
    "room_type": 56,
    "bed_count": 7,
    "is_pets_allowed": false,
    "is_smoking_allowed": false,
    "price_per_night": "4614.02",
    "extra_pay_per_person": "1409.92",
    "floor": 3,
    "number_on_floor": 6,
    "variant": "B"
  }
},
{
  "model": "hotels.room",
  "pk": 354,
  "fields": {
    "hotel": 17,
    "room_type": 56,
    "bed_count": 5,
    "is_pets_allowed": true,
    "is_smoking_allowed": false,
    "price_per_night": "8206.64",
    "extra_pay_per_person": "2446.05",
    "floor": 4,
    "number_on_floor": 1,
    "variant": null
  }
},
{
  "model": "hotels.room",
  "pk": 355,
  "fields": {
    "hotel": 17,
    "room_type": 56,
    "bed_count": 9,
    "is_pets_allowed": true,
    "is_smoking_allowed": false,
    "price_per_night": "17581.42",
    "extra_pay_per_person": "7678.19",
    "floor": 4,
    "number_on_floor": 2,
    "variant": "A"
  }
},
{
  "model": "hotels.room",
  "pk": 356,
  "fields": {
    "hotel": 17,
    "room_type": 56,
    "bed_count": 4,
    "is_pets_allowed": false,
    "is_smoking_allowed": true,
    "price_per_night": "12032.81",
    "extra_pay_per_person": "4621.22",
    "floor": 4,
    "number_on_floor": 2,
    "variant": "B"
  }
},
{
  "model": "hotels.room",
  "pk": 357,
  "fields": {
    "hotel": 17,
    "room_type": 56,
    "bed_count": 7,
    "is_pets_allowed": false,
    "is_smoking_allowed": false,
    "price_per_night": "18687.73",
    "extra_pay_per_person": "7921.44",
    "floor": 4,
    "number_on_floor": 3,
    "variant": null
  }
},
{
  "model": "hotels.room",
  "pk": 358,
  "fields": {
    "hotel": 17,
    "room_type": 54,
    "bed_count": 8,
    "is_pets_allowed": true,
    "is_smoking_allowed": true,
    "price_per_night": "4908.32",
    "extra_pay_per_person": "2391.24",
    "floor": 4,
    "number_on_floor": 4,
    "variant": "A"
  }
},
{
  "model": "hotels.room",
  "pk": 359,
  "fields": {
    "hotel": 17,
    "room_type": 54,
    "bed_count": 9,
    "is_pets_allowed": true,
    "is_smoking_allowed": false,
    "price_per_night": "18738.30",
    "extra_pay_per_person": "7146.68",
    "floor": 4,
    "number_on_floor": 5,
    "variant": null
  }
},
{
  "model": "hotels.room",
  "pk": 360,
  "fields": {
    "hotel": 17,
    "room_type": 59,
    "bed_count": 4,
    "is_pets_allowed": true,
    "is_smoking_allowed": true,
    "price_per_night": "17395.64",
    "extra_pay_per_person": "6866.03",
    "floor": 4,
    "number_on_floor": 6,
    "variant": null
  }
},
{
  "model": "hotels.room",
  "pk": 361,
  "fields": {
    "hotel": 18,
    "room_type": 47,
    "bed_count": 7,
    "is_pets_allowed": false,
    "is_smoking_allowed": false,
    "price_per_night": "1009.66",
    "extra_pay_per_person": "496.77",
    "floor": 1,
    "number_on_floor": 1,
    "variant": null
  }
},
{
  "model": "hotels.room",
  "pk": 362,
  "fields": {
    "hotel": 18,
    "room_type": 51,
    "bed_count": 5,
    "is_pets_allowed": true,
    "is_smoking_allowed": false,
    "price_per_night": "9567.57",
    "extra_pay_per_person": "4238.86",
    "floor": 1,
    "number_on_floor": 2,
    "variant": "A"
  }
},
{
  "model": "hotels.room",
  "pk": 363,
  "fields": {
    "hotel": 18,
    "room_type": 51,
    "bed_count": 3,
    "is_pets_allowed": true,
    "is_smoking_allowed": true,
    "price_per_night": "10620.95",
    "extra_pay_per_person": "3222.83",
    "floor": 1,
    "number_on_floor": 3,
    "variant": null
  }
},
{
  "model": "hotels.room",
  "pk": 364,
  "fields": {
    "hotel": 18,
    "room_type": 55,
    "bed_count": 6,
    "is_pets_allowed": false,
    "is_smoking_allowed": true,
    "price_per_night": "9209.73",
    "extra_pay_per_person": "2666.34",
    "floor": 1,
    "number_on_floor": 4,
    "variant": null
  }
},
{
  "model": "hotels.room",
  "pk": 365,
  "fields": {
    "hotel": 18,
    "room_type": 58,
    "bed_count": 7,
    "is_pets_allowed": true,
    "is_smoking_allowed": true,
    "price_per_night": "12806.21",
    "extra_pay_per_person": "5020.30",
    "floor": 1,
    "number_on_floor": 5,
    "variant": null
  }
},
{
  "model": "hotels.room",
  "pk": 366,
  "fields": {
    "hotel": 18,
    "room_type": 54,
    "bed_count": 6,
    "is_pets_allowed": true,
    "is_smoking_allowed": false,
    "price_per_night": "18225.57",
    "extra_pay_per_person": "5384.36",
    "floor": 1,
    "number_on_floor": 6,
    "variant": null
  }
},
{
  "model": "hotels.room",
  "pk": 367,
  "fields": {
    "hotel": 18,
    "room_type": 41,
    "bed_count": 3,
    "is_pets_allowed": false,
    "is_smoking_allowed": false,
    "price_per_night": "13950.96",
    "extra_pay_per_person": "5847.42",
    "floor": 1,
    "number_on_floor": 7,
    "variant": null
  }
},
{
  "model": "hotels.room",
  "pk": 368,
  "fields": {
    "hotel": 18,
    "room_type": 47,
    "bed_count": 7,
    "is_pets_allowed": false,
    "is_smoking_allowed": false,
    "price_per_night": "14128.93",
    "extra_pay_per_person": "6988.90",
    "floor": 1,
    "number_on_floor": 8,
    "variant": null
  }
},
{
  "model": "hotels.room",
  "pk": 369,
  "fields": {
    "hotel": 18,
    "room_type": 55,
    "bed_count": 3,
    "is_pets_allowed": true,
    "is_smoking_allowed": false,
    "price_per_night": "8762.94",
    "extra_pay_per_person": "3519.69",
    "floor": 1,
    "number_on_floor": 9,
    "variant": null
  }
},
{
  "model": "hotels.room",
  "pk": 370,
  "fields": {
    "hotel": 18,
    "room_type": 46,
    "bed_count": 9,
    "is_pets_allowed": false,
    "is_smoking_allowed": true,
    "price_per_night": "15130.20",
    "extra_pay_per_person": "6396.94",
    "floor": 1,
    "number_on_floor": 10,
    "variant": null
  }
},
{
  "model": "hotels.room",
  "pk": 371,
  "fields": {
    "hotel": 18,
    "room_type": 56,
    "bed_count": 3,
    "is_pets_allowed": false,
    "is_smoking_allowed": true,
    "price_per_night": "10281.56",
    "extra_pay_per_person": "2757.58",
    "floor": 2,
    "number_on_floor": 1,
    "variant": null
  }
},
{
  "model": "hotels.room",
  "pk": 372,
  "fields": {
    "hotel": 18,
    "room_type": 42,
    "bed_count": 1,
    "is_pets_allowed": false,
    "is_smoking_allowed": false,
    "price_per_night": "16265.81",
    "extra_pay_per_person": "7035.54",
    "floor": 2,
    "number_on_floor": 2,
    "variant": null
  }
},
{
  "model": "hotels.room",
  "pk": 373,
  "fields": {
    "hotel": 18,
    "room_type": 49,
    "bed_count": 2,
    "is_pets_allowed": true,
    "is_smoking_allowed": false,
    "price_per_night": "15160.94",
    "extra_pay_per_person": "7093.05",
    "floor": 2,
    "number_on_floor": 3,
    "variant": null
  }
},
{
  "model": "hotels.room",
  "pk": 374,
  "fields": {
    "hotel": 18,
    "room_type": 52,
    "bed_count": 4,
    "is_pets_allowed": false,
    "is_smoking_allowed": false,
    "price_per_night": "4903.27",
    "extra_pay_per_person": "2232.40",
    "floor": 2,
    "number_on_floor": 4,
    "variant": null
  }
},
{
  "model": "hotels.room",
  "pk": 375,
  "fields": {
    "hotel": 18,
    "room_type": 45,
    "bed_count": 3,
    "is_pets_allowed": false,
    "is_smoking_allowed": true,
    "price_per_night": "3007.16",
    "extra_pay_per_person": "1004.92",
    "floor": 2,
    "number_on_floor": 5,
    "variant": null
  }
},
{
  "model": "hotels.room",
  "pk": 376,
  "fields": {
    "hotel": 18,
    "room_type": 51,
    "bed_count": 9,
    "is_pets_allowed": true,
    "is_smoking_allowed": false,
    "price_per_night": "3433.37",
    "extra_pay_per_person": "1423.39",
    "floor": 2,
    "number_on_floor": 6,
    "variant": null
  }
},
{
  "model": "hotels.room",
  "pk": 377,
  "fields": {
    "hotel": 18,
    "room_type": 46,
    "bed_count": 2,
    "is_pets_allowed": true,
    "is_smoking_allowed": false,
    "price_per_night": "10649.27",
    "extra_pay_per_person": "4974.92",
    "floor": 2,
    "number_on_floor": 7,
    "variant": null
  }
},
{
  "model": "hotels.room",
  "pk": 378,
  "fields": {
    "hotel": 18,
    "room_type": 59,
    "bed_count": 6,
    "is_pets_allowed": false,
    "is_smoking_allowed": false,
    "price_per_night": "14535.47",
    "extra_pay_per_person": "5926.11",
    "floor": 2,
    "number_on_floor": 8,
    "variant": "A"
  }
},
{
  "model": "hotels.room",
  "pk": 379,
  "fields": {
    "hotel": 18,
    "room_type": 59,
    "bed_count": 5,
    "is_pets_allowed": false,
    "is_smoking_allowed": false,
    "price_per_night": "6465.72",
    "extra_pay_per_person": "1925.50",
    "floor": 2,
    "number_on_floor": 9,
    "variant": null
  }
},
{
  "model": "hotels.room",
  "pk": 380,
  "fields": {
    "hotel": 18,
    "room_type": 45,
    "bed_count": 8,
    "is_pets_allowed": false,
    "is_smoking_allowed": true,
    "price_per_night": "1198.58",
    "extra_pay_per_person": "462.52",
    "floor": 2,
    "number_on_floor": 10,
    "variant": null
  }
},
{
  "model": "hotels.room",
  "pk": 381,
  "fields": {
    "hotel": 18,
    "room_type": 46,
    "bed_count": 3,
    "is_pets_allowed": true,
    "is_smoking_allowed": false,
    "price_per_night": "15708.92",
    "extra_pay_per_person": "5326.97",
    "floor": 3,
    "number_on_floor": 1,
    "variant": null
  }
},
{
  "model": "hotels.room",
  "pk": 382,
  "fields": {
    "hotel": 18,
    "room_type": 54,
    "bed_count": 4,
    "is_pets_allowed": false,
    "is_smoking_allowed": true,
    "price_per_night": "6543.16",
    "extra_pay_per_person": "2370.84",
    "floor": 3,
    "number_on_floor": 2,
    "variant": null
  }
},
{
  "model": "hotels.room",
  "pk": 383,
  "fields": {
    "hotel": 18,
    "room_type": 46,
    "bed_count": 10,
    "is_pets_allowed": false,
    "is_smoking_allowed": false,
    "price_per_night": "18801.32",
    "extra_pay_per_person": "6777.87",
    "floor": 3,
    "number_on_floor": 3,
    "variant": null
  }
},
{
  "model": "hotels.room",
  "pk": 384,
  "fields": {
    "hotel": 18,
    "room_type": 44,
    "bed_count": 10,
    "is_pets_allowed": true,
    "is_smoking_allowed": true,
    "price_per_night": "8226.48",
    "extra_pay_per_person": "2929.49",
    "floor": 3,
    "number_on_floor": 4,
    "variant": "A"
  }
},
{
  "model": "hotels.room",
  "pk": 385,
  "fields": {
    "hotel": 18,
    "room_type": 44,
    "bed_count": 4,
    "is_pets_allowed": false,
    "is_smoking_allowed": false,
    "price_per_night": "6386.06",
    "extra_pay_per_person": "1927.68",
    "floor": 3,
    "number_on_floor": 5,
    "variant": null
  }
},
{
  "model": "hotels.room",
  "pk": 386,
  "fields": {
    "hotel": 18,
    "room_type": 51,
    "bed_count": 10,
    "is_pets_allowed": false,
    "is_smoking_allowed": true,
    "price_per_night": "19460.33",
    "extra_pay_per_person": "6393.61",
    "floor": 3,
    "number_on_floor": 6,
    "variant": null
  }
},
{
  "model": "hotels.room",
  "pk": 387,
  "fields": {
    "hotel": 18,
    "room_type": 45,
    "bed_count": 5,
    "is_pets_allowed": false,
    "is_smoking_allowed": false,
    "price_per_night": "4165.87",
    "extra_pay_per_person": "1071.03",
    "floor": 3,
    "number_on_floor": 7,
    "variant": "A"
  }
},
{
  "model": "hotels.room",
  "pk": 388,
  "fields": {
    "hotel": 18,
    "room_type": 45,
    "bed_count": 7,
    "is_pets_allowed": false,
    "is_smoking_allowed": false,
    "price_per_night": "985.03",
    "extra_pay_per_person": "439.07",
    "floor": 3,
    "number_on_floor": 8,
    "variant": null
  }
},
{
  "model": "hotels.room",
  "pk": 389,
  "fields": {
    "hotel": 18,
    "room_type": 49,
    "bed_count": 3,
    "is_pets_allowed": false,
    "is_smoking_allowed": false,
    "price_per_night": "17996.89",
    "extra_pay_per_person": "6843.59",
    "floor": 3,
    "number_on_floor": 9,
    "variant": null
  }
},
{
  "model": "hotels.room",
  "pk": 390,
  "fields": {
    "hotel": 18,
    "room_type": 59,
    "bed_count": 3,
    "is_pets_allowed": false,
    "is_smoking_allowed": false,
    "price_per_night": "15242.01",
    "extra_pay_per_person": "5664.09",
    "floor": 3,
    "number_on_floor": 10,
    "variant": null
  }
},
{
  "model": "hotels.room",
  "pk": 391,
  "fields": {
    "hotel": 19,
    "room_type": 48,
    "bed_count": 10,
    "is_pets_allowed": false,
    "is_smoking_allowed": false,
    "price_per_night": "7458.29",
    "extra_pay_per_person": "2868.92",
    "floor": 1,
    "number_on_floor": 1,
    "variant": "A"
  }
},
{
  "model": "hotels.room",
  "pk": 392,
  "fields": {
    "hotel": 19,
    "room_type": 48,
    "bed_count": 9,
    "is_pets_allowed": false,
    "is_smoking_allowed": false,
    "price_per_night": "14892.03",
    "extra_pay_per_person": "7194.27",
    "floor": 1,
    "number_on_floor": 2,
    "variant": null
  }
},
{
  "model": "hotels.room",
  "pk": 393,
  "fields": {
    "hotel": 19,
    "room_type": 56,
    "bed_count": 7,
    "is_pets_allowed": true,
    "is_smoking_allowed": false,
    "price_per_night": "11550.61",
    "extra_pay_per_person": "3142.39",
    "floor": 1,
    "number_on_floor": 3,
    "variant": null
  }
},
{
  "model": "hotels.room",
  "pk": 394,
  "fields": {
    "hotel": 19,
    "room_type": 43,
    "bed_count": 8,
    "is_pets_allowed": false,
    "is_smoking_allowed": true,
    "price_per_night": "4528.43",
    "extra_pay_per_person": "1951.52",
    "floor": 1,
    "number_on_floor": 4,
    "variant": null
  }
},
{
  "model": "hotels.room",
  "pk": 395,
  "fields": {
    "hotel": 19,
    "room_type": 50,
    "bed_count": 1,
    "is_pets_allowed": true,
    "is_smoking_allowed": false,
    "price_per_night": "19383.42",
    "extra_pay_per_person": "7249.87",
    "floor": 1,
    "number_on_floor": 5,
    "variant": "A"
  }
},
{
  "model": "hotels.room",
  "pk": 396,
  "fields": {
    "hotel": 19,
    "room_type": 50,
    "bed_count": 3,
    "is_pets_allowed": false,
    "is_smoking_allowed": false,
    "price_per_night": "3250.17",
    "extra_pay_per_person": "863.62",
    "floor": 1,
    "number_on_floor": 6,
    "variant": null
  }
},
{
  "model": "hotels.room",
  "pk": 397,
  "fields": {
    "hotel": 19,
    "room_type": 49,
    "bed_count": 2,
    "is_pets_allowed": false,
    "is_smoking_allowed": true,
    "price_per_night": "7390.84",
    "extra_pay_per_person": "1981.54",
    "floor": 1,
    "number_on_floor": 7,
    "variant": null
  }
},
{
  "model": "hotels.room",
  "pk": 398,
  "fields": {
    "hotel": 19,
    "room_type": 46,
    "bed_count": 2,
    "is_pets_allowed": true,
    "is_smoking_allowed": false,
    "price_per_night": "13141.62",
    "extra_pay_per_person": "5708.36",
    "floor": 1,
    "number_on_floor": 8,
    "variant": "A"
  }
},
{
  "model": "hotels.room",
  "pk": 399,
  "fields": {
    "hotel": 19,
    "room_type": 46,
    "bed_count": 8,
    "is_pets_allowed": false,
    "is_smoking_allowed": false,
    "price_per_night": "15873.66",
    "extra_pay_per_person": "6572.08",
    "floor": 1,
    "number_on_floor": 9,
    "variant": null
  }
},
{
  "model": "hotels.room",
  "pk": 400,
  "fields": {
    "hotel": 19,
    "room_type": 59,
    "bed_count": 2,
    "is_pets_allowed": false,
    "is_smoking_allowed": false,
    "price_per_night": "3736.58",
    "extra_pay_per_person": "979.72",
    "floor": 1,
    "number_on_floor": 10,
    "variant": null
  }
},
{
  "model": "hotels.room",
  "pk": 401,
  "fields": {
    "hotel": 19,
    "room_type": 57,
    "bed_count": 9,
    "is_pets_allowed": false,
    "is_smoking_allowed": false,
    "price_per_night": "3983.89",
    "extra_pay_per_person": "1967.92",
    "floor": 1,
    "number_on_floor": 11,
    "variant": "A"
  }
},
{
  "model": "hotels.room",
  "pk": 402,
  "fields": {
    "hotel": 19,
    "room_type": 57,
    "bed_count": 6,
    "is_pets_allowed": true,
    "is_smoking_allowed": false,
    "price_per_night": "18126.03",
    "extra_pay_per_person": "8055.80",
    "floor": 1,
    "number_on_floor": 12,
    "variant": null
  }
},
{
  "model": "hotels.room",
  "pk": 403,
  "fields": {
    "hotel": 19,
    "room_type": 55,
    "bed_count": 2,
    "is_pets_allowed": true,
    "is_smoking_allowed": false,
    "price_per_night": "15118.82",
    "extra_pay_per_person": "6336.42",
    "floor": 1,
    "number_on_floor": 13,
    "variant": null
  }
},
{
  "model": "hotels.room",
  "pk": 404,
  "fields": {
    "hotel": 19,
    "room_type": 54,
    "bed_count": 1,
    "is_pets_allowed": false,
    "is_smoking_allowed": false,
    "price_per_night": "18473.65",
    "extra_pay_per_person": "8863.10",
    "floor": 1,
    "number_on_floor": 14,
    "variant": null
  }
},
{
  "model": "hotels.room",
  "pk": 405,
  "fields": {
    "hotel": 19,
    "room_type": 53,
    "bed_count": 8,
    "is_pets_allowed": false,
    "is_smoking_allowed": true,
    "price_per_night": "14424.24",
    "extra_pay_per_person": "6332.19",
    "floor": 1,
    "number_on_floor": 15,
    "variant": null
  }
},
{
  "model": "hotels.room",
  "pk": 406,
  "fields": {
    "hotel": 19,
    "room_type": 42,
    "bed_count": 9,
    "is_pets_allowed": false,
    "is_smoking_allowed": false,
    "price_per_night": "12550.92",
    "extra_pay_per_person": "5521.53",
    "floor": 2,
    "number_on_floor": 1,
    "variant": null
  }
},
{
  "model": "hotels.room",
  "pk": 407,
  "fields": {
    "hotel": 19,
    "room_type": 44,
    "bed_count": 10,
    "is_pets_allowed": false,
    "is_smoking_allowed": false,
    "price_per_night": "14795.42",
    "extra_pay_per_person": "5174.06",
    "floor": 2,
    "number_on_floor": 2,
    "variant": null
  }
},
{
  "model": "hotels.room",
  "pk": 408,
  "fields": {
    "hotel": 19,
    "room_type": 51,
    "bed_count": 1,
    "is_pets_allowed": false,
    "is_smoking_allowed": false,
    "price_per_night": "5975.73",
    "extra_pay_per_person": "2124.34",
    "floor": 2,
    "number_on_floor": 3,
    "variant": null
  }
},
{
  "model": "hotels.room",
  "pk": 409,
  "fields": {
    "hotel": 19,
    "room_type": 53,
    "bed_count": 2,
    "is_pets_allowed": false,
    "is_smoking_allowed": false,
    "price_per_night": "15144.11",
    "extra_pay_per_person": "6969.00",
    "floor": 2,
    "number_on_floor": 4,
    "variant": null
  }
},
{
  "model": "hotels.room",
  "pk": 410,
  "fields": {
    "hotel": 19,
    "room_type": 58,
    "bed_count": 1,
    "is_pets_allowed": false,
    "is_smoking_allowed": false,
    "price_per_night": "10117.91",
    "extra_pay_per_person": "4321.45",
    "floor": 2,
    "number_on_floor": 5,
    "variant": "A"
  }
},
{
  "model": "hotels.room",
  "pk": 411,
  "fields": {
    "hotel": 19,
    "room_type": 58,
    "bed_count": 8,
    "is_pets_allowed": false,
    "is_smoking_allowed": false,
    "price_per_night": "19156.10",
    "extra_pay_per_person": "6064.57",
    "floor": 2,
    "number_on_floor": 6,
    "variant": null
  }
},
{
  "model": "hotels.room",
  "pk": 412,
  "fields": {
    "hotel": 19,
    "room_type": 60,
    "bed_count": 10,
    "is_pets_allowed": false,
    "is_smoking_allowed": false,
    "price_per_night": "16638.70",
    "extra_pay_per_person": "5127.68",
    "floor": 2,
    "number_on_floor": 7,
    "variant": null
  }
},
{
  "model": "hotels.room",
  "pk": 413,
  "fields": {
    "hotel": 19,
    "room_type": 54,
    "bed_count": 2,
    "is_pets_allowed": false,
    "is_smoking_allowed": false,
    "price_per_night": "13268.42",
    "extra_pay_per_person": "4399.84",
    "floor": 2,
    "number_on_floor": 8,
    "variant": null
  }
},
{
  "model": "hotels.room",
  "pk": 414,
  "fields": {
    "hotel": 19,
    "room_type": 42,
    "bed_count": 8,
    "is_pets_allowed": false,
    "is_smoking_allowed": false,
    "price_per_night": "8341.83",
    "extra_pay_per_person": "3611.42",
    "floor": 2,
    "number_on_floor": 9,
    "variant": "A"
  }
},
{
  "model": "hotels.room",
  "pk": 415,
  "fields": {
    "hotel": 19,
    "room_type": 42,
    "bed_count": 1,
    "is_pets_allowed": false,
    "is_smoking_allowed": false,
    "price_per_night": "11763.33",
    "extra_pay_per_person": "5759.42",
    "floor": 2,
    "number_on_floor": 10,
    "variant": null
  }
},
{
  "model": "hotels.room",
  "pk": 416,
  "fields": {
    "hotel": 19,
    "room_type": 52,
    "bed_count": 4,
    "is_pets_allowed": true,
    "is_smoking_allowed": true,
    "price_per_night": "16283.96",
    "extra_pay_per_person": "6136.81",
    "floor": 2,
    "number_on_floor": 11,
    "variant": null
  }
},
{
  "model": "hotels.room",
  "pk": 417,
  "fields": {
    "hotel": 19,
    "room_type": 53,
    "bed_count": 3,
    "is_pets_allowed": false,
    "is_smoking_allowed": false,
    "price_per_night": "11140.42",
    "extra_pay_per_person": "5303.73",
    "floor": 2,
    "number_on_floor": 12,
    "variant": null
  }
},
{
  "model": "hotels.room",
  "pk": 418,
  "fields": {
    "hotel": 19,
    "room_type": 43,
    "bed_count": 7,
    "is_pets_allowed": false,
    "is_smoking_allowed": false,
    "price_per_night": "10341.58",
    "extra_pay_per_person": "3079.42",
    "floor": 2,
    "number_on_floor": 13,
    "variant": null
  }
},
{
  "model": "hotels.room",
  "pk": 419,
  "fields": {
    "hotel": 19,
    "room_type": 53,
    "bed_count": 10,
    "is_pets_allowed": false,
    "is_smoking_allowed": false,
    "price_per_night": "8941.31",
    "extra_pay_per_person": "2447.98",
    "floor": 2,
    "number_on_floor": 14,
    "variant": "A"
  }
},
{
  "model": "hotels.room",
  "pk": 420,
  "fields": {
    "hotel": 19,
    "room_type": 53,
    "bed_count": 7,
    "is_pets_allowed": false,
    "is_smoking_allowed": true,
    "price_per_night": "9271.06",
    "extra_pay_per_person": "3653.73",
    "floor": 2,
    "number_on_floor": 15,
    "variant": null
  }
},
{
  "model": "hotels.room",
  "pk": 421,
  "fields": {
    "hotel": 20,
    "room_type": 60,
    "bed_count": 3,
    "is_pets_allowed": false,
    "is_smoking_allowed": false,
    "price_per_night": "800.65",
    "extra_pay_per_person": "349.58",
    "floor": 1,
    "number_on_floor": 1,
    "variant": null
  }
},
{
  "model": "hotels.room",
  "pk": 422,
  "fields": {
    "hotel": 20,
    "room_type": 45,
    "bed_count": 3,
    "is_pets_allowed": false,
    "is_smoking_allowed": false,
    "price_per_night": "2423.40",
    "extra_pay_per_person": "1152.26",
    "floor": 1,
    "number_on_floor": 2,
    "variant": null
  }
},
{
  "model": "hotels.room",
  "pk": 423,
  "fields": {
    "hotel": 20,
    "room_type": 51,
    "bed_count": 7,
    "is_pets_allowed": false,
    "is_smoking_allowed": false,
    "price_per_night": "11926.73",
    "extra_pay_per_person": "3142.09",
    "floor": 1,
    "number_on_floor": 3,
    "variant": "A"
  }
},
{
  "model": "hotels.room",
  "pk": 424,
  "fields": {
    "hotel": 20,
    "room_type": 51,
    "bed_count": 1,
    "is_pets_allowed": true,
    "is_smoking_allowed": false,
    "price_per_night": "10713.42",
    "extra_pay_per_person": "3791.53",
    "floor": 1,
    "number_on_floor": 3,
    "variant": "B"
  }
},
{
  "model": "hotels.room",
  "pk": 425,
  "fields": {
    "hotel": 20,
    "room_type": 45,
    "bed_count": 5,
    "is_pets_allowed": false,
    "is_smoking_allowed": false,
    "price_per_night": "17086.82",
    "extra_pay_per_person": "5185.55",
    "floor": 2,
    "number_on_floor": 1,
    "variant": null
  }
},
{
  "model": "hotels.room",
  "pk": 426,
  "fields": {
    "hotel": 20,
    "room_type": 47,
    "bed_count": 10,
    "is_pets_allowed": false,
    "is_smoking_allowed": false,
    "price_per_night": "11374.37",
    "extra_pay_per_person": "4095.85",
    "floor": 2,
    "number_on_floor": 2,
    "variant": "A"
  }
},
{
  "model": "hotels.room",
  "pk": 427,
  "fields": {
    "hotel": 20,
    "room_type": 47,
    "bed_count": 2,
    "is_pets_allowed": false,
    "is_smoking_allowed": true,
    "price_per_night": "6597.61",
    "extra_pay_per_person": "2019.94",
    "floor": 2,
    "number_on_floor": 3,
    "variant": null
  }
},
{
  "model": "hotels.room",
  "pk": 428,
  "fields": {
    "hotel": 20,
    "room_type": 55,
    "bed_count": 8,
    "is_pets_allowed": false,
    "is_smoking_allowed": false,
    "price_per_night": "18311.89",
    "extra_pay_per_person": "8498.47",
    "floor": 2,
    "number_on_floor": 4,
    "variant": null
  }
},
{
  "model": "hotels.room",
  "pk": 429,
  "fields": {
    "hotel": 20,
    "room_type": 56,
    "bed_count": 2,
    "is_pets_allowed": false,
    "is_smoking_allowed": false,
    "price_per_night": "13117.84",
    "extra_pay_per_person": "5360.19",
    "floor": 3,
    "number_on_floor": 1,
    "variant": null
  }
},
{
  "model": "hotels.room",
  "pk": 430,
  "fields": {
    "hotel": 20,
    "room_type": 52,
    "bed_count": 5,
    "is_pets_allowed": false,
    "is_smoking_allowed": false,
    "price_per_night": "2550.19",
    "extra_pay_per_person": "1057.94",
    "floor": 3,
    "number_on_floor": 2,
    "variant": "A"
  }
},
{
  "model": "hotels.room",
  "pk": 431,
  "fields": {
    "hotel": 20,
    "room_type": 52,
    "bed_count": 3,
    "is_pets_allowed": false,
    "is_smoking_allowed": true,
    "price_per_night": "18810.37",
    "extra_pay_per_person": "6421.74",
    "floor": 3,
    "number_on_floor": 3,
    "variant": null
  }
},
{
  "model": "hotels.room",
  "pk": 432,
  "fields": {
    "hotel": 20,
    "room_type": 43,
    "bed_count": 3,
    "is_pets_allowed": true,
    "is_smoking_allowed": false,
    "price_per_night": "1567.62",
    "extra_pay_per_person": "678.88",
    "floor": 3,
    "number_on_floor": 4,
    "variant": null
  }
},
{
  "model": "hotels.room",
  "pk": 433,
  "fields": {
    "hotel": 20,
    "room_type": 41,
    "bed_count": 6,
    "is_pets_allowed": false,
    "is_smoking_allowed": false,
    "price_per_night": "19268.60",
    "extra_pay_per_person": "5441.08",
    "floor": 4,
    "number_on_floor": 1,
    "variant": null
  }
},
{
  "model": "hotels.room",
  "pk": 434,
  "fields": {
    "hotel": 20,
    "room_type": 41,
    "bed_count": 3,
    "is_pets_allowed": false,
    "is_smoking_allowed": true,
    "price_per_night": "7107.47",
    "extra_pay_per_person": "2454.73",
    "floor": 4,
    "number_on_floor": 2,
    "variant": null
  }
},
{
  "model": "hotels.room",
  "pk": 435,
  "fields": {
    "hotel": 20,
    "room_type": 41,
    "bed_count": 9,
    "is_pets_allowed": false,
    "is_smoking_allowed": false,
    "price_per_night": "18175.76",
    "extra_pay_per_person": "5197.51",
    "floor": 4,
    "number_on_floor": 3,
    "variant": null
  }
},
{
  "model": "hotels.room",
  "pk": 436,
  "fields": {
    "hotel": 20,
    "room_type": 56,
    "bed_count": 8,
    "is_pets_allowed": true,
    "is_smoking_allowed": false,
    "price_per_night": "18238.93",
    "extra_pay_per_person": "6409.60",
    "floor": 5,
    "number_on_floor": 1,
    "variant": null
  }
},
{
  "model": "hotels.room",
  "pk": 437,
  "fields": {
    "hotel": 20,
    "room_type": 51,
    "bed_count": 8,
    "is_pets_allowed": false,
    "is_smoking_allowed": false,
    "price_per_night": "8398.81",
    "extra_pay_per_person": "3700.64",
    "floor": 5,
    "number_on_floor": 2,
    "variant": null
  }
},
{
  "model": "hotels.room",
  "pk": 438,
  "fields": {
    "hotel": 20,
    "room_type": 46,
    "bed_count": 3,
    "is_pets_allowed": false,
    "is_smoking_allowed": false,
    "price_per_night": "12156.43",
    "extra_pay_per_person": "3921.32",
    "floor": 5,
    "number_on_floor": 3,
    "variant": "A"
  }
},
{
  "model": "hotels.room",
  "pk": 439,
  "fields": {
    "hotel": 20,
    "room_type": 42,
    "bed_count": 10,
    "is_pets_allowed": true,
    "is_smoking_allowed": false,
    "price_per_night": "17780.28",
    "extra_pay_per_person": "5924.80",
    "floor": 6,
    "number_on_floor": 1,
    "variant": "A"
  }
},
{
  "model": "hotels.room",
  "pk": 440,
  "fields": {
    "hotel": 20,
    "room_type": 42,
    "bed_count": 1,
    "is_pets_allowed": false,
    "is_smoking_allowed": true,
    "price_per_night": "14222.67",
    "extra_pay_per_person": "5864.87",
    "floor": 6,
    "number_on_floor": 2,
    "variant": null
  }
},
{
  "model": "hotels.room",
  "pk": 441,
  "fields": {
    "hotel": 20,
    "room_type": 41,
    "bed_count": 6,
    "is_pets_allowed": false,
    "is_smoking_allowed": false,
    "price_per_night": "14891.12",
    "extra_pay_per_person": "4807.58",
    "floor": 6,
    "number_on_floor": 3,
    "variant": null
  }
},
{
  "model": "hotels.room",
  "pk": 442,
  "fields": {
    "hotel": 20,
    "room_type": 46,
    "bed_count": 1,
    "is_pets_allowed": true,
    "is_smoking_allowed": false,
    "price_per_night": "12392.35",
    "extra_pay_per_person": "3274.87",
    "floor": 7,
    "number_on_floor": 1,
    "variant": null
  }
},
{
  "model": "hotels.room",
  "pk": 443,
  "fields": {
    "hotel": 20,
    "room_type": 55,
    "bed_count": 6,
    "is_pets_allowed": true,
    "is_smoking_allowed": true,
    "price_per_night": "3770.54",
    "extra_pay_per_person": "1081.18",
    "floor": 7,
    "number_on_floor": 2,
    "variant": "A"
  }
},
{
  "model": "hotels.room",
  "pk": 444,
  "fields": {
    "hotel": 20,
    "room_type": 55,
    "bed_count": 7,
    "is_pets_allowed": true,
    "is_smoking_allowed": false,
    "price_per_night": "14860.20",
    "extra_pay_per_person": "6959.06",
    "floor": 7,
    "number_on_floor": 3,
    "variant": null
  }
},
{
  "model": "hotels.room",
  "pk": 445,
  "fields": {
    "hotel": 20,
    "room_type": 45,
    "bed_count": 10,
    "is_pets_allowed": false,
    "is_smoking_allowed": false,
    "price_per_night": "18464.45",
    "extra_pay_per_person": "7085.79",
    "floor": 8,
    "number_on_floor": 1,
    "variant": "A"
  }
},
{
  "model": "hotels.room",
  "pk": 446,
  "fields": {
    "hotel": 20,
    "room_type": 45,
    "bed_count": 8,
    "is_pets_allowed": false,
    "is_smoking_allowed": false,
    "price_per_night": "8817.29",
    "extra_pay_per_person": "3512.39",
    "floor": 8,
    "number_on_floor": 2,
    "variant": null
  }
},
{
  "model": "hotels.room",
  "pk": 447,
  "fields": {
    "hotel": 20,
    "room_type": 54,
    "bed_count": 8,
    "is_pets_allowed": false,
    "is_smoking_allowed": true,
    "price_per_night": "12818.33",
    "extra_pay_per_person": "3975.86",
    "floor": 8,
    "number_on_floor": 3,
    "variant": null
  }
},
{
  "model": "hotels.room",
  "pk": 448,
  "fields": {
    "hotel": 20,
    "room_type": 48,
    "bed_count": 2,
    "is_pets_allowed": true,
    "is_smoking_allowed": false,
    "price_per_night": "9957.99",
    "extra_pay_per_person": "4017.56",
    "floor": 9,
    "number_on_floor": 1,
    "variant": null
  }
},
{
  "model": "hotels.room",
  "pk": 449,
  "fields": {
    "hotel": 20,
    "room_type": 48,
    "bed_count": 2,
    "is_pets_allowed": true,
    "is_smoking_allowed": true,
    "price_per_night": "19025.26",
    "extra_pay_per_person": "7387.22",
    "floor": 9,
    "number_on_floor": 2,
    "variant": null
  }
},
{
  "model": "hotels.room",
  "pk": 450,
  "fields": {
    "hotel": 20,
    "room_type": 52,
    "bed_count": 7,
    "is_pets_allowed": false,
    "is_smoking_allowed": false,
    "price_per_night": "18511.46",
    "extra_pay_per_person": "5534.30",
    "floor": 9,
    "number_on_floor": 3,
    "variant": "A"
  }
}
]
