[
{
  "model": "accounts.user",
  "pk": 1,
  "fields": {
    "password": "pbkdf2_sha256$1200000$czAH7COoxPYSWOoKlWFUwu$bAhU+me6JolI9O74veJcJ3RCxp02cEI5Q4Vtbl9Kc8s=",
    "last_login": null,
    "is_active": true,
    "date_joined": "2026-05-27T08:52:14.292Z",
    "email": "mirblinov@example.org",
    "phone_number": "+74957531559",
    "first_name": "Никон",
    "middle_name": "Валентинович",
    "last_name": "Мясников",
    "date_of_birth": "1934-11-15",
    "groups": [],
    "user_permissions": []
  }
},
{
  "model": "accounts.user",
  "pk": 2,
  "fields": {
    "password": "pbkdf2_sha256$1200000$XtfVTkwOnfVx7IWiYAeHpC$4hSzqZTBrjlnTO0ys8LhUW8em5COdbtCN8VE1AA4MHA=",
    "last_login": null,
    "is_active": true,
    "date_joined": "2026-05-27T08:52:14.985Z",
    "email": "stanislavsuhanov@example.org",
    "phone_number": "+78575807795",
    "first_name": "Борис",
    "middle_name": "Арсенович",
    "last_name": "Фролов",
    "date_of_birth": "1930-07-07",
    "groups": [],
    "user_permissions": []
  }
},
{
  "model": "accounts.user",
  "pk": 3,
  "fields": {
    "password": "pbkdf2_sha256$1200000$yB1NaYT7n0k969RTDozQ3H$+l5c1Ep1f0FIX4hLN1DJ4nzNfHqWA9KTAEc3+ZCkX40=",
    "last_login": null,
    "is_active": true,
    "date_joined": "2026-05-27T08:52:15.716Z",
    "email": "ribakovasvetlana@example.org",
    "phone_number": "+79422655716",
    "first_name": "Эмиль",
    "middle_name": "Ильясович",
    "last_name": "Беспалов",
    "date_of_birth": "2002-02-27",
    "groups": [],
    "user_permissions": []
  }
},
{
  "model": "accounts.user",
  "pk": 4,
  "fields": {
    "password": "pbkdf2_sha256$1200000$J87WLx2HKXt8ByA9jsunRO$4p1mItCBI5sA62/zoyjHoGml5Bm/E+xGdoUQZk6aOBk=",
    "last_login": null,
    "is_active": true,
    "date_joined": "2026-05-27T08:52:16.410Z",
    "email": "umatveeva@example.org",
    "phone_number": "+78781244998",
    "first_name": "Евпраксия",
    "middle_name": "Рудольфовна",
    "last_name": "Григорьева",
    "date_of_birth": "1976-08-14",
    "groups": [],
    "user_permissions": []
  }
},
{
  "model": "accounts.user",
  "pk": 5,
  "fields": {
    "password": "pbkdf2_sha256$1200000$KmNY8Iqo0rdkg9ybp9OXAd$v3Qzas4bWLD9dtGHeracVtxiGaIvg9f0JMKBxU8Km20=",
    "last_login": null,
    "is_active": true,
    "date_joined": "2026-05-27T08:52:17.146Z",
    "email": "shcherbakovanonna@example.org",
    "phone_number": "+79397554057",
    "first_name": "Мирон",
    "middle_name": "Филимонович",
    "last_name": "Самсонов",
    "date_of_birth": "1927-04-27",
    "groups": [],
    "user_permissions": []
  }
},
{
  "model": "accounts.user",
  "pk": 6,
  "fields": {
    "password": "pbkdf2_sha256$1200000$qIFOVFOhwgtVSmV0WRORNI$b4ubelI7QLdxC8k0a7BXw0lzWB5gpV7gnD2a5nl5aJY=",
    "last_login": null,
    "is_active": true,
    "date_joined": "2026-05-27T08:52:17.828Z",
    "email": "wgushchin@example.com",
    "phone_number": "+79928344368",
    "first_name": "Алла",
    "middle_name": "Юльевна",
    "last_name": "Вишнякова",
    "date_of_birth": "1933-01-08",
    "groups": [],
    "user_permissions": []
  }
},
{
  "model": "accounts.user",
  "pk": 7,
  "fields": {
    "password": "pbkdf2_sha256$1200000$m1zxbckGGo9nhBxEj6JooK$XPf7oppe7ggT8ihVvWmUx6LurwJHqV5u0n+OW88BunQ=",
    "last_login": null,
    "is_active": true,
    "date_joined": "2026-05-27T08:52:18.531Z",
    "email": "bbelousova@example.net",
    "phone_number": "+39017595",
    "first_name": "Тит",
    "middle_name": "Измаилович",
    "last_name": "Стрелков",
    "date_of_birth": "1940-01-29",
    "groups": [],
    "user_permissions": []
  }
},
{
  "model": "accounts.user",
  "pk": 8,
  "fields": {
    "password": "pbkdf2_sha256$1200000$7RZaSORB8JOqNz1yx06xLZ$Or/6nrINEaPMM8LPQyrB4OxZLzjnFVbMRXbUjMetEHM=",
    "last_login": null,
    "is_active": true,
    "date_joined": "2026-05-27T08:52:19.272Z",
    "email": "fivanov@example.org",
    "phone_number": "+79990708885",
    "first_name": "Христофор",
    "middle_name": "Ануфриевич",
    "last_name": "Щукин",
    "date_of_birth": "2002-01-26",
    "groups": [],
    "user_permissions": []
  }
},
{
  "model": "accounts.user",
  "pk": 9,
  "fields": {
    "password": "pbkdf2_sha256$1200000$sLDHyPTMsdP4clb0lEFBav$GFZY/Ek1GK9OLovUiUP+6dga6zWjnQ94rzfZADbBA64=",
    "last_login": null,
    "is_active": true,
    "date_joined": "2026-05-27T08:52:19.967Z",
    "email": "polina_2008@example.net",
    "phone_number": "+77858040471",
    "first_name": "Синклитикия",
    "middle_name": "Петровна",
    "last_name": "Тихонова",
    "date_of_birth": "1946-01-11",
    "groups": [],
    "user_permissions": []
  }
},
{
  "model": "accounts.user",
  "pk": 10,
  "fields": {
    "password": "pbkdf2_sha256$1200000$RhlJ2PA7RYlIQ7aFWgM12M$gtS0b/AXqI/13eHRRoW4J2f/2BcegMYBedovPI1JtUc=",
    "last_login": null,
    "is_active": true,
    "date_joined": "2026-05-27T08:52:20.684Z",
    "email": "ljubosmisl_1998@example.org",
    "phone_number": "+79076636643",
    "first_name": "Лидия",
    "middle_name": "Робертовна",
    "last_name": "Пахомова",
    "date_of_birth": "1983-11-10",
    "groups": [],
    "user_permissions": []
  }
},
{
  "model": "accounts.user",
  "pk": 11,
  "fields": {
    "password": "pbkdf2_sha256$1200000$07PhfV9rKmLssHm4XhShal$IKISiD/eGJf94cOAssQECjZPnHxEyXNN/WPxNfIeuzw=",
    "last_login": null,
    "is_active": true,
    "date_joined": "2026-05-27T08:52:21.498Z",
    "email": "valerijanazarova@example.net",
    "phone_number": "+79128977751",
    "first_name": "Варвара",
    "middle_name": "Ефимовна",
    "last_name": "Жукова",
    "date_of_birth": "1931-07-17",
    "groups": [],
    "user_permissions": []
  }
},
{
  "model": "accounts.user",
  "pk": 12,
  "fields": {
    "password": "pbkdf2_sha256$1200000$xe5gORrCvT19rVRWoBC27N$Jhjyax+z/fQm6CEuIS0YhLdna3DT6uvzD3RYQCFySso=",
    "last_login": null,
    "is_active": true,
    "date_joined": "2026-05-27T08:52:22.202Z",
    "email": "militsasmirnova@example.org",
    "phone_number": "+78785597822",
    "first_name": "Синклитикия",
    "middle_name": "Кузьминична",
    "last_name": "Матвеева",
    "date_of_birth": "1932-08-21",
    "groups": [],
    "user_permissions": []
  }
},
{
  "model": "accounts.user",
  "pk": 13,
  "fields": {
    "password": "pbkdf2_sha256$1200000$RKegtWOnT1sMT0ZmICaGES$9sToscUK8Nz+rvEsWHBZ2N5g0s5odDNXCCGkul4UEis=",
    "last_login": null,
    "is_active": true,
    "date_joined": "2026-05-27T08:52:22.933Z",
    "email": "arhipovanadezhda@example.org",
    "phone_number": "+78655665181",
    "first_name": "Таисия",
    "middle_name": "Вениаминовна",
    "last_name": "Никонова",
    "date_of_birth": "1988-08-02",
    "groups": [],
    "user_permissions": []
  }
},
{
  "model": "accounts.user",
  "pk": 14,
  "fields": {
    "password": "pbkdf2_sha256$1200000$njXz3Gkv6dDUegoS9YbAxY$w+X0Uh+vseB3+gEGoqisT+fc9SCd49PBvDunQuZGknA=",
    "last_login": null,
    "is_active": true,
    "date_joined": "2026-05-27T08:52:23.669Z",
    "email": "gerasimovanonna@example.com",
    "phone_number": "+79708571315",
    "first_name": "Маргарита",
    "middle_name": "Феликсовна",
    "last_name": "Никифорова",
    "date_of_birth": "1921-06-12",
    "groups": [],
    "user_permissions": []
  }
},
{
  "model": "accounts.user",
  "pk": 15,
  "fields": {
    "password": "pbkdf2_sha256$1200000$lfcX6FzuLcvDjhwIy9kF1e$7DuGmbHWmNWgKVFemF+EsM0idawajy9Ar5oRJD3r07w=",
    "last_login": null,
    "is_active": true,
    "date_joined": "2026-05-27T08:52:24.398Z",
    "email": "karpovaljubov@example.com",
    "phone_number": "+79903392651",
    "first_name": "Татьяна",
    "middle_name": "Анатольевна",
    "last_name": "Кондратьева",
    "date_of_birth": "1963-04-10",
    "groups": [],
    "user_permissions": []
  }
},
{
  "model": "accounts.user",
  "pk": 16,
  "fields": {
    "password": "pbkdf2_sha256$1200000$Fj1uorlr2pMNVx5mCMs185$O+sD4RO7NwfIbns0gwekv+5Qv0JpJpwAV8XuJ8efGKA=",
    "last_login": null,
    "is_active": true,
    "date_joined": "2026-05-27T08:52:25.137Z",
    "email": "apollinari_82@example.com",
    "phone_number": "+79590012635",
    "first_name": "Лукия",
    "middle_name": "Кирилловна",
    "last_name": "Денисова",
    "date_of_birth": "1944-08-27",
    "groups": [],
    "user_permissions": []
  }
},
{
  "model": "accounts.user",
  "pk": 17,
  "fields": {
    "password": "pbkdf2_sha256$1200000$w7LJI1AuiiTbmt5vjqqmlE$7eRXopM4zAn2zDUM1y1XjKSUpaMbJ5SAUhW5WvVzJOA=",
    "last_login": null,
    "is_active": true,
    "date_joined": "2026-05-27T08:52:25.841Z",
    "email": "leonti84@example.net",
    "phone_number": "+78660632523",
    "first_name": "Варвара",
    "middle_name": "Оскаровна",
    "last_name": "Самсонова",
    "date_of_birth": "1947-07-27",
    "groups": [],
    "user_permissions": []
  }
},
{
  "model": "accounts.user",
  "pk": 18,
  "fields": {
    "password": "pbkdf2_sha256$1200000$RJ9Iqt7gLuw32OEURJmtov$kM/ClzA3RJojIvk0sdC/iMcKnwroBDz9pes0/C8XAA4=",
    "last_login": null,
    "is_active": true,
    "date_joined": "2026-05-27T08:52:26.532Z",
    "email": "gremislavrogov@example.com",
    "phone_number": "+74992798325",
    "first_name": "Валерий",
    "middle_name": "Валерьянович",
    "last_name": "Гришин",
    "date_of_birth": "1937-08-30",
    "groups": [],
    "user_permissions": []
  }
},
{
  "model": "accounts.user",
  "pk": 19,
  "fields": {
    "password": "pbkdf2_sha256$1200000$Tkjjb5gVqutKS615BVckJo$t6WRFRnu4mGh/UvJiBNeSv56qioe9WxduASQ1Owig54=",
    "last_login": null,
    "is_active": true,
    "date_joined": "2026-05-27T08:52:27.235Z",
    "email": "panfil_2008@example.net",
    "phone_number": "+74962147891",
    "first_name": "Виталий",
    "middle_name": "Архипович",
    "last_name": "Костин",
    "date_of_birth": "1932-09-22",
    "groups": [],
    "user_permissions": []
  }
},
{
  "model": "accounts.user",
  "pk": 20,
  "fields": {
    "password": "pbkdf2_sha256$1200000$ov81MIFU78vwon3UCoy2rP$AN9X8bb8UtCLa9forWT6yHpARKyiK4B3vPQ/79LNwPc=",
    "last_login": null,
    "is_active": true,
    "date_joined": "2026-05-27T08:52:27.875Z",
    "email": "mstislav2018@example.com",
    "phone_number": "+77785183146",
    "first_name": "Евгения",
    "middle_name": "Харитоновна",
    "last_name": "Шарова",
    "date_of_birth": "1984-09-09",
    "groups": [],
    "user_permissions": []
  }
},
{
  "model": "accounts.user",
  "pk": 21,
  "fields": {
    "password": "pbkdf2_sha256$1200000$fPopcfLrY4IadyUkzxenhB$zYWELfhwAfewWX1fhiD8904jcC+jNkzNOn6tOkvMps0=",
    "last_login": null,
    "is_active": true,
    "date_joined": "2026-05-27T08:52:28.553Z",
    "email": "maslovaanzhelika@example.com",
    "phone_number": "+74166690826",
    "first_name": "Осип",
    "middle_name": "Ярославович",
    "last_name": "Самойлов",
    "date_of_birth": "1983-11-13",
    "groups": [],
    "user_permissions": []
  }
},
{
  "model": "accounts.user",
  "pk": 22,
  "fields": {
    "password": "pbkdf2_sha256$1200000$YvFvEgpOvTv3wqwEicL08b$30ROcbOUL4pPZNMpmL163qNflA0a69hH0Re2YJ2c6fA=",
    "last_login": null,
    "is_active": true,
    "date_joined": "2026-05-27T08:52:29.306Z",
    "email": "kudrjashovapelageja@example.org",
    "phone_number": "+77055376016",
    "first_name": "Евфросиния",
    "middle_name": "Федоровна",
    "last_name": "Куликова",
    "date_of_birth": "1984-11-24",
    "groups": [],
    "user_permissions": []
  }
},
{
  "model": "accounts.user",
  "pk": 23,
  "fields": {
    "password": "pbkdf2_sha256$1200000$JpPLl5PwCsgGOlQJhc8dEr$k0b9cNeePkSfQvjY+9/FfELPp+ZoRRsmpSRZHjQqqdA=",
    "last_login": null,
    "is_active": true,
    "date_joined": "2026-05-27T08:52:30.083Z",
    "email": "viktorija_56@example.org",
    "phone_number": "+79721397290",
    "first_name": "Владислав",
    "middle_name": "Фомич",
    "last_name": "Фадеев",
    "date_of_birth": "1992-01-17",
    "groups": [],
    "user_permissions": []
  }
},
{
  "model": "accounts.user",
  "pk": 24,
  "fields": {
    "password": "pbkdf2_sha256$1200000$cP5MikrAMJbOySqgA8idIS$sFXrS+IcGTmt8VPtIbYodFK20DCGyQTFwyMfhkCigkA=",
    "last_login": null,
    "is_active": true,
    "date_joined": "2026-05-27T08:52:30.805Z",
    "email": "agafjakrilova@example.com",
    "phone_number": "+79918381914",
    "first_name": "Ермил",
    "middle_name": "Ефстафьевич",
    "last_name": "Филиппов",
    "date_of_birth": "1920-06-18",
    "groups": [],
    "user_permissions": []
  }
},
{
  "model": "accounts.user",
  "pk": 25,
  "fields": {
    "password": "pbkdf2_sha256$1200000$hfg2DXfqTr9A2zDxS4sJuH$uBlEUsIX1ZQjMVNDiuZJ/gQWZSl65yyS9o2Vg//pOEQ=",
    "last_login": null,
    "is_active": true,
    "date_joined": "2026-05-27T08:52:31.572Z",
    "email": "elizar_15@example.org",
    "phone_number": "+79523680306",
    "first_name": "Анжелика",
    "middle_name": "Ждановна",
    "last_name": "Романова",
    "date_of_birth": "1964-06-14",
    "groups": [],
    "user_permissions": []
  }
},
{
  "model": "accounts.user",
  "pk": 26,
  "fields": {
    "password": "pbkdf2_sha256$1200000$7LHgTlf1OpkVsx97zrU5qN$EShqcQz6ztOhvX+3K1AneRgiqZAPbxr7TIM5A09efOI=",
    "last_login": null,
    "is_active": true,
    "date_joined": "2026-05-27T08:52:32.278Z",
    "email": "margarita82@example.com",
    "phone_number": "+79376485726",
    "first_name": "Модест",
    "middle_name": "Зиновьевич",
    "last_name": "Архипов",
    "date_of_birth": "2006-05-20",
    "groups": [],
    "user_permissions": []
  }
},
{
  "model": "accounts.user",
  "pk": 27,
  "fields": {
    "password": "pbkdf2_sha256$1200000$H5fqIlVlKChzrOUskwX8jP$nQSQn1PzcKn3Y6ub6/ujP6H4sVOiIW5NlTpQtovph8E=",
    "last_login": null,
    "is_active": true,
    "date_joined": "2026-05-27T08:52:32.943Z",
    "email": "ekaterina_1982@example.org",
    "phone_number": "+73953246200",
    "first_name": "Дементий",
    "middle_name": "Викторович",
    "last_name": "Игнатов",
    "date_of_birth": "1965-12-13",
    "groups": [],
    "user_permissions": []
  }
},
{
  "model": "accounts.user",
  "pk": 28,
  "fields": {
    "password": "pbkdf2_sha256$1200000$jJrSXPQeTcnHiDG1htA1fK$3GTdZrF1sytyOZE/bLvrMyF8GBz+shNSF7Lw1nCEkXo=",
    "last_login": null,
    "is_active": true,
    "date_joined": "2026-05-27T08:52:33.624Z",
    "email": "varfolome2020@example.com",
    "phone_number": "+74912351268",
    "first_name": "Екатерина",
    "middle_name": "Филипповна",
    "last_name": "Голубева",
    "date_of_birth": "1922-09-15",
    "groups": [],
    "user_permissions": []
  }
},
{
  "model": "accounts.user",
  "pk": 29,
  "fields": {
    "password": "pbkdf2_sha256$1200000$AOy4V8bESxtM2yzylZTkEE$TZwpUkRY+d8Oa8aq35TjPDFqdsgIawvnI8RfTKKCdIw=",
    "last_login": null,
    "is_active": true,
    "date_joined": "2026-05-27T08:52:34.286Z",
    "email": "cfadeeva@example.org",
    "phone_number": "+78616447967",
    "first_name": "Варвара",
    "middle_name": "Харитоновна",
    "last_name": "Шарапова",
    "date_of_birth": "1917-03-04",
    "groups": [],
    "user_permissions": []
  }
},
{
  "model": "accounts.user",
  "pk": 30,
  "fields": {
    "password": "pbkdf2_sha256$1200000$utyP7mO9MX95ra3vIeZYcP$3awd9blta8VDb3Hdvq4rgfdk3i3KSO0GtsGeK8oqGmo=",
    "last_login": null,
    "is_active": true,
    "date_joined": "2026-05-27T08:52:34.963Z",
    "email": "irinazatseva@example.org",
    "phone_number": "+77252120260",
    "first_name": "Виктория",
    "middle_name": "Викторовна",
    "last_name": "Алексеева",
    "date_of_birth": "1945-07-12",
    "groups": [],
    "user_permissions": []
  }
},
{
  "model": "accounts.user",
  "pk": 31,
  "fields": {
    "password": "pbkdf2_sha256$1200000$APd5d3lZ0XEoW3K7DTsjmU$IsWowFz2NuTEVYq/zuVVPObA+N0A6nPSuTQWcROFXxY=",
    "last_login": null,
    "is_active": true,
    "date_joined": "2026-05-27T09:15:32.523Z",
    "email": "evstigne_28@example.com",
    "phone_number": "+79435508390",
    "first_name": "Никифор",
    "middle_name": "Елизарович",
    "last_name": "Гущин",
    "date_of_birth": "1956-04-19",
    "groups": [],
    "user_permissions": []
  }
},
{
  "model": "accounts.user",
  "pk": 32,
  "fields": {
    "password": "pbkdf2_sha256$1200000$KHZpWiSqVprgIOq1L5SEbQ$PqszScDbBGbCPHw9MbKvnwdcjM/EnXetqSN/EXO0ruE=",
    "last_login": null,
    "is_active": true,
    "date_joined": "2026-05-27T09:15:33.130Z",
    "email": "veronikamakarova@example.org",
    "phone_number": "+79537605294",
    "first_name": "Родион",
    "middle_name": "Фадеевич",
    "last_name": "Емельянов",
    "date_of_birth": "1974-04-21",
    "groups": [],
    "user_permissions": []
  }
},
{
  "model": "accounts.user",
  "pk": 33,
  "fields": {
    "password": "pbkdf2_sha256$1200000$W1t1XrZw0X8PpeBW9kS8co$sAY0gAFA/z10PMmxGwZDSXgoAE9+0mAy2wquwm6atoQ=",
    "last_login": null,
    "is_active": true,
    "date_joined": "2026-05-27T09:15:33.737Z",
    "email": "alevtina_2023@example.com",
    "phone_number": "+79077213662",
    "first_name": "Зоя",
    "middle_name": "Ниловна",
    "last_name": "Бурова",
    "date_of_birth": "1910-06-30",
    "groups": [],
    "user_permissions": []
  }
},
{
  "model": "accounts.user",
  "pk": 34,
  "fields": {
    "password": "pbkdf2_sha256$1200000$8UqkpW0k0XqsPql52WJjyY$ud4BhupEPfHIaQl/JP9SL6b90WvR7OxR4yZueEHfA/s=",
    "last_login": null,
    "is_active": true,
    "date_joined": "2026-05-27T09:15:34.348Z",
    "email": "olimpi_84@example.net",
    "phone_number": "+79446357237",
    "first_name": "Творимир",
    "middle_name": "Иосипович",
    "last_name": "Родионов",
    "date_of_birth": "1959-05-04",
    "groups": [],
    "user_permissions": []
  }
},
{
  "model": "accounts.user",
  "pk": 35,
  "fields": {
    "password": "pbkdf2_sha256$1200000$5Rfq3NXosfjF0gOhtbHGEm$RSP8qxLok27Km2lP0f2pDXn1kv1Ebawb9DeDdwO7l5g=",
    "last_login": null,
    "is_active": true,
    "date_joined": "2026-05-27T09:15:34.956Z",
    "email": "aleksandr_84@example.org",
    "phone_number": "+79023666223",
    "first_name": "Тамара",
    "middle_name": "Богдановна",
    "last_name": "Миронова",
    "date_of_birth": "1918-05-19",
    "groups": [],
    "user_permissions": []
  }
},
{
  "model": "accounts.user",
  "pk": 36,
  "fields": {
    "password": "pbkdf2_sha256$1200000$JEj4aG56XsAFsNARchFYgz$3BAaJuC0ofYKCdJEKTqi33170PXo57PAu+LcfzbLrHo=",
    "last_login": null,
    "is_active": true,
    "date_joined": "2026-05-27T09:15:48.659Z",
    "email": "savinstanislav@example.net",
    "phone_number": "+73956317583",
    "first_name": "Измаил",
    "middle_name": "Игоревич",
    "last_name": "Беляев",
    "date_of_birth": "2007-03-07",
    "groups": [],
    "user_permissions": []
  }
},
{
  "model": "accounts.user",
  "pk": 37,
  "fields": {
    "password": "pbkdf2_sha256$1200000$WIwVQAgB4k2J0GOH3WpClV$5kCBx6H9DKsg0oyIzh56P/JbHQdds3Ha8SDf5Yglz1M=",
    "last_login": "2026-05-27T09:16:07.211Z",
    "is_active": true,
    "date_joined": "2026-05-27T09:15:49.302Z",
    "email": "serge_46@example.net",
    "phone_number": "+79841212875",
    "first_name": "Лора",
    "middle_name": "Николаевна",
    "last_name": "Бобылева",
    "date_of_birth": "1976-08-08",
    "groups": [],
    "user_permissions": []
  }
},
{
  "model": "accounts.user",
  "pk": 38,
  "fields": {
    "password": "pbkdf2_sha256$1200000$6sF2u7z29I2piigKfryHh5$TI8hMCal4Ni3reA1swITSy5w6B2CeFg0QyzJhTJqU68=",
    "last_login": null,
    "is_active": true,
    "date_joined": "2026-05-27T09:15:49.908Z",
    "email": "nikonovorest@example.com",
    "phone_number": "+79136810697",
    "first_name": "Агата",
    "middle_name": "Борисовна",
    "last_name": "Ильина",
    "date_of_birth": "1965-07-01",
    "groups": [],
    "user_permissions": []
  }
},
{
  "model": "accounts.guest",
  "pk": 1,
  "fields": {
    "user": 1
  }
},
{
  "model": "accounts.guest",
  "pk": 2,
  "fields": {
    "user": 2
  }
},
{
  "model": "accounts.guest",
  "pk": 3,
  "fields": {
    "user": 3
  }
},
{
  "model": "accounts.guest",
  "pk": 4,
  "fields": {
    "user": 4
  }
},
{
  "model": "accounts.guest",
  "pk": 5,
  "fields": {
    "user": 5
  }
},
{
  "model": "accounts.guest",
  "pk": 6,
  "fields": {
    "user": 6
  }
},
{
  "model": "accounts.guest",
  "pk": 7,
  "fields": {
    "user": 7
  }
},
{
  "model": "accounts.guest",
  "pk": 8,
  "fields": {
    "user": 8
  }
},
{
  "model": "accounts.guest",
  "pk": 9,
  "fields": {
    "user": 9
  }
},
{
  "model": "accounts.guest",
  "pk": 10,
  "fields": {
    "user": 10
  }
},
{
  "model": "accounts.guest",
  "pk": 11,
  "fields": {
    "user": 11
  }
},
{
  "model": "accounts.guest",
  "pk": 12,
  "fields": {
    "user": 12
  }
},
{
  "model": "accounts.guest",
  "pk": 13,
  "fields": {
    "user": 13
  }
},
{
  "model": "accounts.guest",
  "pk": 14,
  "fields": {
    "user": 14
  }
},
{
  "model": "accounts.guest",
  "pk": 15,
  "fields": {
    "user": 15
  }
},
{
  "model": "accounts.guest",
  "pk": 16,
  "fields": {
    "user": 16
  }
},
{
  "model": "accounts.guest",
  "pk": 17,
  "fields": {
    "user": 17
  }
},
{
  "model": "accounts.guest",
  "pk": 18,
  "fields": {
    "user": 18
  }
},
{
  "model": "accounts.guest",
  "pk": 19,
  "fields": {
    "user": 19
  }
},
{
  "model": "accounts.guest",
  "pk": 20,
  "fields": {
    "user": 20
  }
},
{
  "model": "accounts.guest",
  "pk": 21,
  "fields": {
    "user": 21
  }
},
{
  "model": "accounts.guest",
  "pk": 22,
  "fields": {
    "user": 22
  }
},
{
  "model": "accounts.guest",
  "pk": 23,
  "fields": {
    "user": 23
  }
},
{
  "model": "accounts.guest",
  "pk": 24,
  "fields": {
    "user": 24
  }
},
{
  "model": "accounts.guest",
  "pk": 25,
  "fields": {
    "user": 25
  }
},
{
  "model": "accounts.guest",
  "pk": 26,
  "fields": {
    "user": 26
  }
},
{
  "model": "accounts.guest",
  "pk": 27,
  "fields": {
    "user": 27
  }
},
{
  "model": "accounts.guest",
  "pk": 28,
  "fields": {
    "user": 28
  }
},
{
  "model": "accounts.guest",
  "pk": 29,
  "fields": {
    "user": 29
  }
},
{
  "model": "accounts.guest",
  "pk": 30,
  "fields": {
    "user": 30
  }
},
{
  "model": "accounts.moderator",
  "pk": 1,
  "fields": {
    "user": 31
  }
},
{
  "model": "accounts.moderator",
  "pk": 2,
  "fields": {
    "user": 32
  }
},
{
  "model": "accounts.moderator",
  "pk": 3,
  "fields": {
    "user": 33
  }
},
{
  "model": "accounts.moderator",
  "pk": 4,
  "fields": {
    "user": 34
  }
},
{
  "model": "accounts.moderator",
  "pk": 5,
  "fields": {
    "user": 35
  }
},
{
  "model": "accounts.administrator",
  "pk": 1,
  "fields": {
    "user": 36
  }
},
{
  "model": "accounts.administrator",
  "pk": 2,
  "fields": {
    "user": 37
  }
},
{
  "model": "accounts.administrator",
  "pk": 3,
  "fields": {
    "user": 38
  }
}
]
